"followers","friends","favourited","statuscount","favourites","retweets"
10218828,101,42,396119,0,389
10218828,101,42,396119,0,39
10218828,101,42,396119,30,8
10218828,101,42,396119,0,37
10218828,101,42,396119,0,25
10218828,101,42,396119,0,17
10218828,101,42,396119,0,470
10218828,101,42,396119,0,33
10218828,101,42,396119,86,39
10218828,101,42,396119,0,16
10218828,101,42,396119,0,46
10218828,101,42,396119,0,91
10218828,101,42,396119,0,172
10218828,101,42,396119,0,85
10218828,101,42,396119,38,12
10218828,101,42,396119,0,61
10218828,101,42,396119,0,52
10218828,101,42,396119,0,32
10218828,101,42,396119,19,1
10218828,101,42,396119,17,1
40718149,3,0,35966,287,392
40718149,3,0,35966,620,471
40718149,3,0,35966,1321,370
40718149,3,0,35966,1105,488
40718149,3,0,35966,463,239
40718149,3,0,35966,1713,717
40718149,3,0,35966,0,172
40718149,3,0,35966,88234,21368
40718149,3,0,35966,1896,420
40718149,3,0,35966,2398,2287
40718149,3,0,35966,284,94
40718149,3,0,35966,9430,1402
40718149,3,0,35966,536,209
40718149,3,0,35966,688,402
40718149,3,0,35966,608,203
40718149,3,0,35966,0,484
40718149,3,0,35966,735,245
40718149,3,0,35966,0,1137
40718149,3,0,35966,868,251
40718149,3,0,35966,1039,453
36,49,13204,238,15,0
36,49,13204,238,2,0
36,49,13204,238,0,6
36,49,13204,238,109,6
36,49,13204,238,91,5
36,49,13204,238,1,0
36,49,13204,238,4,0
36,49,13204,238,0,0
36,49,13204,238,8,0
36,49,13204,238,7,1
36,49,13204,238,0,0
36,49,13204,238,7,0
36,49,13204,238,0,0
36,49,13204,238,0,0
36,49,13204,238,0,9
36,49,13204,238,27,3
36,49,13204,238,139,10
36,49,13204,238,1,0
36,49,13204,238,1,0
36,49,13204,238,1,0
37,209,1766,578,2,0
37,209,1766,578,5,0
37,209,1766,578,1,0
37,209,1766,578,2,0
37,209,1766,578,12,2
37,209,1766,578,1,0
37,209,1766,578,1,0
37,209,1766,578,0,0
37,209,1766,578,1,0
37,209,1766,578,0,0
37,209,1766,578,0,0
37,209,1766,578,0,0
37,209,1766,578,0,0
37,209,1766,578,9,0
37,209,1766,578,0,0
37,209,1766,578,3,0
37,209,1766,578,0,0
37,209,1766,578,0,0
37,209,1766,578,7,1
37,209,1766,578,2,1
195,43,19046,13435,0,0
195,43,19046,13435,1,0
195,43,19046,13435,1,0
195,43,19046,13435,7,2
195,43,19046,13435,3,0
195,43,19046,13435,1,0
195,43,19046,13435,0,0
195,43,19046,13435,1,0
195,43,19046,13435,1,0
195,43,19046,13435,1,0
195,43,19046,13435,1,0
195,43,19046,13435,1,0
195,43,19046,13435,1,0
195,43,19046,13435,3,0
195,43,19046,13435,2,0
195,43,19046,13435,0,0
195,43,19046,13435,1,0
195,43,19046,13435,0,0
195,43,19046,13435,1,0
195,43,19046,13435,2,0
517,666,2518,3355,5,1
517,666,2518,3355,0,0
517,666,2518,3355,0,0
517,666,2518,3355,0,4895
517,666,2518,3355,0,0
517,666,2518,3355,0,0
517,666,2518,3355,0,0
517,666,2518,3355,0,0
517,666,2518,3355,0,6678
517,666,2518,3355,0,5039
517,666,2518,3355,32,2
517,666,2518,3355,0,7645
517,666,2518,3355,0,0
517,666,2518,3355,0,34817
517,666,2518,3355,0,68193
517,666,2518,3355,0,30026
517,666,2518,3355,0,9018
517,666,2518,3355,0,0
517,666,2518,3355,0,0
517,666,2518,3355,0,0
4221,4966,38427,18481,0,60
4221,4966,38427,18481,1,0
4221,4966,38427,18481,0,5
4221,4966,38427,18481,2,0
4221,4966,38427,18481,1,0
4221,4966,38427,18481,1,0
4221,4966,38427,18481,0,0
4221,4966,38427,18481,0,1554
4221,4966,38427,18481,0,1297
4221,4966,38427,18481,1,1
4221,4966,38427,18481,1,1
4221,4966,38427,18481,0,322
4221,4966,38427,18481,24,15
4221,4966,38427,18481,3,0
4221,4966,38427,18481,0,767
4221,4966,38427,18481,0,446
4221,4966,38427,18481,0,1134
4221,4966,38427,18481,0,1651
4221,4966,38427,18481,0,509
4221,4966,38427,18481,1,1
1573,3204,58105,4899,0,79
1573,3204,58105,4899,0,7
1573,3204,58105,4899,0,142
1573,3204,58105,4899,3,0
1573,3204,58105,4899,0,94
1573,3204,58105,4899,0,129
1573,3204,58105,4899,0,471
1573,3204,58105,4899,3,0
1573,3204,58105,4899,0,101
1573,3204,58105,4899,1,0
1573,3204,58105,4899,0,14
1573,3204,58105,4899,0,57907
1573,3204,58105,4899,0,31
1573,3204,58105,4899,0,289
1573,3204,58105,4899,0,897
1573,3204,58105,4899,0,110
1573,3204,58105,4899,0,44
1573,3204,58105,4899,3,0
1573,3204,58105,4899,0,220
1573,3204,58105,4899,0,124
373,46,485,50749,1,0
373,46,485,50749,0,0
373,46,485,50749,0,0
373,46,485,50749,0,0
373,46,485,50749,1,0
373,46,485,50749,0,0
373,46,485,50749,2,0
373,46,485,50749,6,0
373,46,485,50749,0,116
373,46,485,50749,0,102
373,46,485,50749,0,29
373,46,485,50749,0,39
373,46,485,50749,0,1138
373,46,485,50749,0,0
373,46,485,50749,2,0
373,46,485,50749,93,0
373,46,485,50749,1,0
373,46,485,50749,0,0
373,46,485,50749,0,0
373,46,485,50749,0,0
126,100,1206,6224,0,0
126,100,1206,6224,7,0
126,100,1206,6224,0,0
126,100,1206,6224,0,0
126,100,1206,6224,0,0
126,100,1206,6224,0,0
126,100,1206,6224,0,0
126,100,1206,6224,1,0
126,100,1206,6224,0,51
126,100,1206,6224,0,0
126,100,1206,6224,0,0
126,100,1206,6224,0,0
126,100,1206,6224,4,0
126,100,1206,6224,0,0
126,100,1206,6224,0,0
126,100,1206,6224,0,0
126,100,1206,6224,0,0
126,100,1206,6224,0,0
126,100,1206,6224,0,0
126,100,1206,6224,0,0
408,1240,68883,10108,1,0
408,1240,68883,10108,0,0
408,1240,68883,10108,2,0
408,1240,68883,10108,0,9
408,1240,68883,10108,0,0
408,1240,68883,10108,0,468
408,1240,68883,10108,0,3
408,1240,68883,10108,0,544
408,1240,68883,10108,0,0
408,1240,68883,10108,0,0
408,1240,68883,10108,0,0
408,1240,68883,10108,0,0
408,1240,68883,10108,0,0
408,1240,68883,10108,0,0
408,1240,68883,10108,0,11
408,1240,68883,10108,0,0
408,1240,68883,10108,0,13
408,1240,68883,10108,0,1
408,1240,68883,10108,0,3
408,1240,68883,10108,3,0
18,171,179,1136,1,0
18,171,179,1136,4,0
18,171,179,1136,0,0
18,171,179,1136,0,0
18,171,179,1136,0,0
18,171,179,1136,2,0
18,171,179,1136,1,0
18,171,179,1136,0,0
18,171,179,1136,0,0
18,171,179,1136,0,0
18,171,179,1136,10,2
18,171,179,1136,1,0
18,171,179,1136,0,0
18,171,179,1136,0,0
18,171,179,1136,0,0
18,171,179,1136,0,0
18,171,179,1136,0,0
18,171,179,1136,0,0
18,171,179,1136,0,0
18,171,179,1136,0,0
90,311,991,1818,2,0
90,311,991,1818,0,0
90,311,991,1818,0,0
90,311,991,1818,0,0
90,311,991,1818,0,0
90,311,991,1818,0,0
90,311,991,1818,0,0
90,311,991,1818,0,0
90,311,991,1818,1,0
90,311,991,1818,2,0
90,311,991,1818,0,0
90,311,991,1818,0,0
90,311,991,1818,0,0
90,311,991,1818,0,0
90,311,991,1818,0,0
90,311,991,1818,0,0
90,311,991,1818,1,0
90,311,991,1818,0,0
90,311,991,1818,0,0
90,311,991,1818,2,1
76,49,13927,13795,1,0
76,49,13927,13795,0,0
76,49,13927,13795,0,0
76,49,13927,13795,0,0
76,49,13927,13795,0,1
76,49,13927,13795,0,0
76,49,13927,13795,0,0
76,49,13927,13795,0,0
76,49,13927,13795,0,0
76,49,13927,13795,0,0
76,49,13927,13795,0,0
76,49,13927,13795,0,0
76,49,13927,13795,0,0
76,49,13927,13795,0,0
76,49,13927,13795,0,0
76,49,13927,13795,0,0
76,49,13927,13795,0,0
76,49,13927,13795,0,0
76,49,13927,13795,0,0
76,49,13927,13795,0,0
213,155,6977,22131,0,0
213,155,6977,22131,0,0
213,155,6977,22131,0,0
213,155,6977,22131,0,0
213,155,6977,22131,0,0
213,155,6977,22131,0,0
213,155,6977,22131,1,0
213,155,6977,22131,3,1
213,155,6977,22131,0,0
213,155,6977,22131,0,0
213,155,6977,22131,0,0
213,155,6977,22131,1,0
213,155,6977,22131,0,0
213,155,6977,22131,0,0
213,155,6977,22131,0,0
213,155,6977,22131,0,0
213,155,6977,22131,0,0
213,155,6977,22131,0,0
213,155,6977,22131,1,0
213,155,6977,22131,0,0
15834,17505,230095,426155,0,0
15834,17505,230095,426155,0,34
15834,17505,230095,426155,0,0
15834,17505,230095,426155,0,471
15834,17505,230095,426155,0,0
15834,17505,230095,426155,0,392
15834,17505,230095,426155,0,0
15834,17505,230095,426155,0,39
15834,17505,230095,426155,0,0
15834,17505,230095,426155,0,103
15834,17505,230095,426155,0,0
15834,17505,230095,426155,0,157
15834,17505,230095,426155,0,33
15834,17505,230095,426155,0,58
15834,17505,230095,426155,0,4
15834,17505,230095,426155,0,8
15834,17505,230095,426155,0,12
15834,17505,230095,426155,0,5
15834,17505,230095,426155,0,20
15834,17505,230095,426155,0,15
895,803,34671,33590,0,0
895,803,34671,33590,0,1
895,803,34671,33590,0,0
895,803,34671,33590,3,0
895,803,34671,33590,0,0
895,803,34671,33590,0,0
895,803,34671,33590,1,0
895,803,34671,33590,21,0
895,803,34671,33590,1,0
895,803,34671,33590,0,0
895,803,34671,33590,0,0
895,803,34671,33590,1,0
895,803,34671,33590,0,0
895,803,34671,33590,0,0
895,803,34671,33590,0,0
895,803,34671,33590,0,0
895,803,34671,33590,0,0
895,803,34671,33590,0,0
895,803,34671,33590,1,0
895,803,34671,33590,0,0
589556,302,812,88339,20,13
589556,302,812,88339,44,9
589556,302,812,88339,20,7
589556,302,812,88339,29,16
589556,302,812,88339,60,39
589556,302,812,88339,11,5
589556,302,812,88339,144,44
589556,302,812,88339,0,175
589556,302,812,88339,77,37
589556,302,812,88339,66,19
589556,302,812,88339,0,79
589556,302,812,88339,59,17
589556,302,812,88339,0,471
589556,302,812,88339,0,102
589556,302,812,88339,155,46
589556,302,812,88339,299,91
589556,302,812,88339,0,7
589556,302,812,88339,0,13
589556,302,812,88339,3,2
589556,302,812,88339,417,172
300,242,17522,18032,0,0
300,242,17522,18032,0,0
300,242,17522,18032,4,0
300,242,17522,18032,4,0
300,242,17522,18032,0,0
300,242,17522,18032,0,0
300,242,17522,18032,0,0
300,242,17522,18032,2,0
300,242,17522,18032,0,0
300,242,17522,18032,0,0
300,242,17522,18032,1,0
300,242,17522,18032,10,1
300,242,17522,18032,8,1
300,242,17522,18032,0,0
300,242,17522,18032,0,0
300,242,17522,18032,0,0
300,242,17522,18032,20,0
300,242,17522,18032,1,0
300,242,17522,18032,3,0
300,242,17522,18032,1,0
71,124,6057,9560,0,0
71,124,6057,9560,0,0
71,124,6057,9560,0,0
71,124,6057,9560,3,0
71,124,6057,9560,0,13
71,124,6057,9560,0,0
71,124,6057,9560,0,13
71,124,6057,9560,0,0
71,124,6057,9560,0,0
71,124,6057,9560,1,0
71,124,6057,9560,1,0
71,124,6057,9560,0,0
71,124,6057,9560,0,0
71,124,6057,9560,3,1
71,124,6057,9560,1,0
71,124,6057,9560,0,0
71,124,6057,9560,0,3
71,124,6057,9560,5,0
71,124,6057,9560,1,0
71,124,6057,9560,0,0
135,342,232,2885,4,0
135,342,232,2885,1,0
135,342,232,2885,0,0
135,342,232,2885,0,0
135,342,232,2885,0,0
135,342,232,2885,0,35
135,342,232,2885,4,0
135,342,232,2885,1,0
135,342,232,2885,0,0
135,342,232,2885,0,3605
135,342,232,2885,0,0
135,342,232,2885,0,0
135,342,232,2885,0,0
135,342,232,2885,0,0
135,342,232,2885,0,0
135,342,232,2885,0,751
135,342,232,2885,0,0
135,342,232,2885,0,0
135,342,232,2885,0,0
135,342,232,2885,0,0
561,671,11641,4852,0,40
561,671,11641,4852,0,5
561,671,11641,4852,0,70
561,671,11641,4852,0,106
561,671,11641,4852,1,0
561,671,11641,4852,0,2025
561,671,11641,4852,0,210
561,671,11641,4852,0,55
561,671,11641,4852,0,0
561,671,11641,4852,2,0
561,671,11641,4852,0,0
561,671,11641,4852,0,0
561,671,11641,4852,0,0
561,671,11641,4852,3,0
561,671,11641,4852,3,0
561,671,11641,4852,0,0
561,671,11641,4852,0,0
561,671,11641,4852,0,0
561,671,11641,4852,0,0
561,671,11641,4852,0,85
1083,2760,7127,50762,0,0
1083,2760,7127,50762,0,0
1083,2760,7127,50762,1,0
1083,2760,7127,50762,0,0
1083,2760,7127,50762,0,1
1083,2760,7127,50762,1,0
1083,2760,7127,50762,0,0
1083,2760,7127,50762,0,0
1083,2760,7127,50762,0,0
1083,2760,7127,50762,0,0
1083,2760,7127,50762,0,0
1083,2760,7127,50762,0,0
1083,2760,7127,50762,0,0
1083,2760,7127,50762,0,0
1083,2760,7127,50762,0,0
1083,2760,7127,50762,0,0
1083,2760,7127,50762,0,0
1083,2760,7127,50762,1,0
1083,2760,7127,50762,1,0
1083,2760,7127,50762,1,0
23,44,3495,2704,0,52
23,44,3495,2704,0,1
23,44,3495,2704,0,1
23,44,3495,2704,0,0
23,44,3495,2704,1,0
23,44,3495,2704,0,16
23,44,3495,2704,0,0
23,44,3495,2704,0,19
23,44,3495,2704,1,0
23,44,3495,2704,1,0
23,44,3495,2704,0,15
23,44,3495,2704,0,0
23,44,3495,2704,0,5
23,44,3495,2704,0,0
23,44,3495,2704,0,0
23,44,3495,2704,0,0
23,44,3495,2704,0,0
23,44,3495,2704,0,0
23,44,3495,2704,0,0
23,44,3495,2704,0,3
44,258,979,872,1,0
44,258,979,872,0,0
44,258,979,872,0,0
44,258,979,872,0,0
44,258,979,872,0,0
44,258,979,872,1,0
44,258,979,872,0,0
44,258,979,872,0,0
44,258,979,872,1,0
44,258,979,872,0,0
44,258,979,872,0,1827
44,258,979,872,0,0
44,258,979,872,0,0
44,258,979,872,1,0
44,258,979,872,0,0
44,258,979,872,1,2
44,258,979,872,6,0
44,258,979,872,2,0
44,258,979,872,0,0
44,258,979,872,0,0
23,102,1164,1807,1,0
23,102,1164,1807,0,1183
23,102,1164,1807,1,0
23,102,1164,1807,1,0
23,102,1164,1807,3,0
23,102,1164,1807,0,0
23,102,1164,1807,1,0
23,102,1164,1807,2,0
23,102,1164,1807,1,0
23,102,1164,1807,0,1605
23,102,1164,1807,0,0
23,102,1164,1807,0,0
23,102,1164,1807,0,2475
23,102,1164,1807,1,0
23,102,1164,1807,0,0
23,102,1164,1807,0,0
23,102,1164,1807,5,1
23,102,1164,1807,0,0
23,102,1164,1807,2,0
23,102,1164,1807,1,0
1028,765,17254,23312,1,0
1028,765,17254,23312,1,0
1028,765,17254,23312,0,0
1028,765,17254,23312,0,0
1028,765,17254,23312,0,187
1028,765,17254,23312,0,0
1028,765,17254,23312,0,0
1028,765,17254,23312,0,0
1028,765,17254,23312,0,0
1028,765,17254,23312,0,0
1028,765,17254,23312,0,0
1028,765,17254,23312,0,0
1028,765,17254,23312,0,0
1028,765,17254,23312,0,0
1028,765,17254,23312,0,0
1028,765,17254,23312,0,0
1028,765,17254,23312,2,0
1028,765,17254,23312,0,0
1028,765,17254,23312,1,0
1028,765,17254,23312,0,0
276,1061,903,15855,4,0
276,1061,903,15855,0,0
276,1061,903,15855,0,0
276,1061,903,15855,1,0
276,1061,903,15855,0,9
276,1061,903,15855,3,0
276,1061,903,15855,0,0
276,1061,903,15855,3,0
276,1061,903,15855,0,0
276,1061,903,15855,1,1
276,1061,903,15855,0,1
276,1061,903,15855,5,2
276,1061,903,15855,1,0
276,1061,903,15855,1,1
276,1061,903,15855,12,0
276,1061,903,15855,0,121
276,1061,903,15855,0,99
276,1061,903,15855,0,8
276,1061,903,15855,0,0
276,1061,903,15855,0,0
0,20,1856,63953,0,0
0,20,1856,63953,0,0
0,20,1856,63953,0,0
0,20,1856,63953,0,0
0,20,1856,63953,0,0
0,20,1856,63953,2,0
0,20,1856,63953,0,0
0,20,1856,63953,0,0
0,20,1856,63953,0,0
0,20,1856,63953,0,0
0,20,1856,63953,0,0
0,20,1856,63953,0,0
0,20,1856,63953,0,0
0,20,1856,63953,0,0
0,20,1856,63953,0,0
0,20,1856,63953,0,0
0,20,1856,63953,0,0
0,20,1856,63953,0,0
0,20,1856,63953,0,0
0,20,1856,63953,0,0
83,43,2615,7042,0,0
83,43,2615,7042,0,0
83,43,2615,7042,0,0
83,43,2615,7042,0,0
83,43,2615,7042,1,1
83,43,2615,7042,4,0
83,43,2615,7042,6,0
83,43,2615,7042,0,0
83,43,2615,7042,0,0
83,43,2615,7042,0,0
83,43,2615,7042,0,0
83,43,2615,7042,0,0
83,43,2615,7042,8,0
83,43,2615,7042,0,0
83,43,2615,7042,1,0
83,43,2615,7042,0,0
83,43,2615,7042,0,0
83,43,2615,7042,0,0
83,43,2615,7042,3,0
83,43,2615,7042,1,0
203,409,37128,11812,1,0
203,409,37128,11812,0,1134
203,409,37128,11812,0,0
203,409,37128,11812,0,0
203,409,37128,11812,0,0
203,409,37128,11812,0,0
203,409,37128,11812,0,0
203,409,37128,11812,0,0
203,409,37128,11812,0,0
203,409,37128,11812,1,0
203,409,37128,11812,1,0
203,409,37128,11812,0,0
203,409,37128,11812,0,0
203,409,37128,11812,0,0
203,409,37128,11812,0,0
203,409,37128,11812,2,0
203,409,37128,11812,1,0
203,409,37128,11812,0,0
203,409,37128,11812,0,0
203,409,37128,11812,2,0
249,1180,9018,18092,0,0
249,1180,9018,18092,2,0
249,1180,9018,18092,0,0
249,1180,9018,18092,1,0
249,1180,9018,18092,0,0
249,1180,9018,18092,4,0
249,1180,9018,18092,0,0
249,1180,9018,18092,0,0
249,1180,9018,18092,1,0
249,1180,9018,18092,1,0
249,1180,9018,18092,0,0
249,1180,9018,18092,0,0
249,1180,9018,18092,6,0
249,1180,9018,18092,0,0
249,1180,9018,18092,1,0
249,1180,9018,18092,1,0
249,1180,9018,18092,0,0
249,1180,9018,18092,3,0
249,1180,9018,18092,0,0
249,1180,9018,18092,0,0
4282,4997,26027,61359,0,0
4282,4997,26027,61359,0,0
4282,4997,26027,61359,0,0
4282,4997,26027,61359,0,60
4282,4997,26027,61359,0,28
4282,4997,26027,61359,0,80
4282,4997,26027,61359,0,128
4282,4997,26027,61359,0,0
4282,4997,26027,61359,0,0
4282,4997,26027,61359,0,18
4282,4997,26027,61359,0,0
4282,4997,26027,61359,0,11
4282,4997,26027,61359,0,0
4282,4997,26027,61359,0,1493
4282,4997,26027,61359,0,0
4282,4997,26027,61359,0,18
4282,4997,26027,61359,0,95
4282,4997,26027,61359,0,451
4282,4997,26027,61359,0,1505
4282,4997,26027,61359,0,175
2,14,508,139,1,0
2,14,508,139,0,0
2,14,508,139,0,0
2,14,508,139,0,0
2,14,508,139,0,0
2,14,508,139,0,0
2,14,508,139,0,0
2,14,508,139,1,0
2,14,508,139,0,0
2,14,508,139,0,0
2,14,508,139,0,0
2,14,508,139,0,0
2,14,508,139,0,0
2,14,508,139,3,0
2,14,508,139,0,0
2,14,508,139,1,0
2,14,508,139,0,0
2,14,508,139,0,0
2,14,508,139,0,0
2,14,508,139,0,1104
2723,4992,15055,23522,1,0
2723,4992,15055,23522,0,0
2723,4992,15055,23522,0,53
2723,4992,15055,23522,7,1
2723,4992,15055,23522,0,0
2723,4992,15055,23522,1,0
2723,4992,15055,23522,1,0
2723,4992,15055,23522,1,0
2723,4992,15055,23522,1,0
2723,4992,15055,23522,0,0
2723,4992,15055,23522,0,0
2723,4992,15055,23522,0,796
2723,4992,15055,23522,0,0
2723,4992,15055,23522,0,1
2723,4992,15055,23522,0,335
2723,4992,15055,23522,5,0
2723,4992,15055,23522,1,1
2723,4992,15055,23522,0,7204
2723,4992,15055,23522,0,75
2723,4992,15055,23522,17,2
56,147,43,8,1,0
56,147,43,8,0,0
56,147,43,8,1,0
56,147,43,8,1,0
56,147,43,8,0,0
56,147,43,8,0,1
56,147,43,8,0,2
56,147,43,8,0,3
130,33,2430,6211,0,0
130,33,2430,6211,0,156
130,33,2430,6211,0,903
130,33,2430,6211,0,0
130,33,2430,6211,0,0
130,33,2430,6211,0,0
130,33,2430,6211,17,1
130,33,2430,6211,0,0
130,33,2430,6211,1,0
130,33,2430,6211,5,4
130,33,2430,6211,0,0
130,33,2430,6211,7,4
130,33,2430,6211,0,0
130,33,2430,6211,1,1
130,33,2430,6211,0,387
130,33,2430,6211,0,185
130,33,2430,6211,0,0
130,33,2430,6211,0,0
130,33,2430,6211,1,1
130,33,2430,6211,1,2
454,616,20712,58179,0,1084
454,616,20712,58179,0,0
454,616,20712,58179,0,1
454,616,20712,58179,0,149
454,616,20712,58179,0,0
454,616,20712,58179,0,31
454,616,20712,58179,0,0
454,616,20712,58179,0,0
454,616,20712,58179,0,0
454,616,20712,58179,0,0
454,616,20712,58179,0,0
454,616,20712,58179,0,0
454,616,20712,58179,0,7
454,616,20712,58179,1,1
454,616,20712,58179,0,0
454,616,20712,58179,0,0
454,616,20712,58179,1,0
454,616,20712,58179,0,20
454,616,20712,58179,0,0
454,616,20712,58179,0,0
87,151,6138,2824,0,0
87,151,6138,2824,0,0
87,151,6138,2824,0,0
87,151,6138,2824,0,0
87,151,6138,2824,0,0
87,151,6138,2824,10,0
87,151,6138,2824,0,3
87,151,6138,2824,0,0
87,151,6138,2824,0,0
87,151,6138,2824,0,0
87,151,6138,2824,5,1
87,151,6138,2824,0,0
87,151,6138,2824,0,1501
87,151,6138,2824,0,1104
87,151,6138,2824,0,0
87,151,6138,2824,7,0
87,151,6138,2824,0,0
87,151,6138,2824,0,0
87,151,6138,2824,0,51
87,151,6138,2824,0,0
2518,676,16998,17953,9,0
2518,676,16998,17953,0,88
2518,676,16998,17953,3,0
2518,676,16998,17953,4,0
2518,676,16998,17953,0,0
2518,676,16998,17953,0,0
2518,676,16998,17953,0,41
2518,676,16998,17953,1,0
2518,676,16998,17953,16,2
2518,676,16998,17953,5,0
2518,676,16998,17953,11,2
2518,676,16998,17953,0,42
2518,676,16998,17953,11,3
2518,676,16998,17953,0,0
2518,676,16998,17953,0,175
2518,676,16998,17953,0,0
2518,676,16998,17953,0,0
2518,676,16998,17953,6,1
2518,676,16998,17953,1,0
2518,676,16998,17953,0,0
619,3251,6970,7070,0,2
619,3251,6970,7070,0,0
619,3251,6970,7070,0,0
619,3251,6970,7070,0,0
619,3251,6970,7070,0,0
619,3251,6970,7070,0,0
619,3251,6970,7070,6,0
619,3251,6970,7070,0,12
619,3251,6970,7070,0,5
619,3251,6970,7070,0,2
619,3251,6970,7070,1,0
619,3251,6970,7070,0,15
619,3251,6970,7070,0,10
619,3251,6970,7070,0,123
619,3251,6970,7070,0,0
619,3251,6970,7070,1,0
619,3251,6970,7070,0,343
619,3251,6970,7070,0,3969
619,3251,6970,7070,2,0
619,3251,6970,7070,0,0
338,1035,2616,300,0,0
338,1035,2616,300,4,0
338,1035,2616,300,0,1
338,1035,2616,300,0,1
338,1035,2616,300,3,0
338,1035,2616,300,0,0
338,1035,2616,300,1,0
338,1035,2616,300,0,0
338,1035,2616,300,0,0
338,1035,2616,300,0,0
338,1035,2616,300,0,0
338,1035,2616,300,6,1
338,1035,2616,300,2,0
338,1035,2616,300,0,0
338,1035,2616,300,1,0
338,1035,2616,300,1,0
338,1035,2616,300,0,0
338,1035,2616,300,0,0
338,1035,2616,300,0,0
338,1035,2616,300,5,0
89,538,3348,8839,0,0
89,538,3348,8839,0,0
89,538,3348,8839,0,0
89,538,3348,8839,0,0
89,538,3348,8839,1,0
89,538,3348,8839,1,0
89,538,3348,8839,4,0
89,538,3348,8839,2,0
89,538,3348,8839,19,0
89,538,3348,8839,0,0
89,538,3348,8839,0,0
89,538,3348,8839,2,0
89,538,3348,8839,1,0
89,538,3348,8839,0,0
89,538,3348,8839,12,0
89,538,3348,8839,1,0
89,538,3348,8839,0,0
89,538,3348,8839,0,0
89,538,3348,8839,0,0
89,538,3348,8839,1,0
722,1212,4843,4743,0,0
722,1212,4843,4743,0,0
722,1212,4843,4743,0,0
722,1212,4843,4743,0,0
722,1212,4843,4743,0,0
722,1212,4843,4743,0,120
722,1212,4843,4743,0,37
722,1212,4843,4743,0,6
722,1212,4843,4743,0,236
722,1212,4843,4743,0,158
722,1212,4843,4743,0,27
722,1212,4843,4743,0,46
722,1212,4843,4743,1,1
722,1212,4843,4743,0,0
722,1212,4843,4743,3,0
722,1212,4843,4743,0,115
722,1212,4843,4743,0,0
722,1212,4843,4743,0,423
722,1212,4843,4743,0,0
722,1212,4843,4743,0,173
8,113,453,1910,0,0
8,113,453,1910,0,0
8,113,453,1910,1,0
8,113,453,1910,0,0
8,113,453,1910,2,0
8,113,453,1910,0,0
8,113,453,1910,0,0
8,113,453,1910,0,0
8,113,453,1910,0,0
8,113,453,1910,0,0
8,113,453,1910,0,0
8,113,453,1910,19,0
8,113,453,1910,0,0
8,113,453,1910,0,1
8,113,453,1910,0,0
8,113,453,1910,0,0
8,113,453,1910,0,0
8,113,453,1910,1,0
8,113,453,1910,1,0
8,113,453,1910,0,0
295,716,2220,687,2,0
295,716,2220,687,0,0
295,716,2220,687,1,0
295,716,2220,687,0,0
295,716,2220,687,0,0
295,716,2220,687,0,0
295,716,2220,687,0,0
295,716,2220,687,0,0
295,716,2220,687,0,0
295,716,2220,687,0,0
295,716,2220,687,1,0
295,716,2220,687,0,52293
295,716,2220,687,1,0
295,716,2220,687,0,5
295,716,2220,687,1,0
295,716,2220,687,0,0
295,716,2220,687,0,0
295,716,2220,687,0,0
295,716,2220,687,0,0
295,716,2220,687,0,0
16,26,467,2496,1,0
16,26,467,2496,0,0
16,26,467,2496,0,0
16,26,467,2496,1,0
16,26,467,2496,0,0
16,26,467,2496,1,0
16,26,467,2496,0,0
16,26,467,2496,4,0
16,26,467,2496,0,0
16,26,467,2496,0,0
16,26,467,2496,0,0
16,26,467,2496,0,0
16,26,467,2496,0,0
16,26,467,2496,0,0
16,26,467,2496,0,0
16,26,467,2496,0,0
16,26,467,2496,1,0
16,26,467,2496,0,0
16,26,467,2496,0,0
16,26,467,2496,0,0
33,44,4922,1154,0,0
33,44,4922,1154,1,0
33,44,4922,1154,0,0
33,44,4922,1154,0,0
33,44,4922,1154,0,0
33,44,4922,1154,0,0
33,44,4922,1154,1,0
33,44,4922,1154,0,4129
33,44,4922,1154,0,0
33,44,4922,1154,1,0
33,44,4922,1154,4,0
33,44,4922,1154,0,9
33,44,4922,1154,2,0
33,44,4922,1154,4,1
33,44,4922,1154,1,0
33,44,4922,1154,2,1
33,44,4922,1154,0,0
33,44,4922,1154,5,0
33,44,4922,1154,0,0
33,44,4922,1154,0,0
961,720,25760,41597,1,0
961,720,25760,41597,0,0
961,720,25760,41597,0,887
961,720,25760,41597,0,0
961,720,25760,41597,0,0
961,720,25760,41597,0,0
961,720,25760,41597,0,7
961,720,25760,41597,0,0
961,720,25760,41597,0,0
961,720,25760,41597,0,0
961,720,25760,41597,0,80
961,720,25760,41597,0,0
961,720,25760,41597,0,60
961,720,25760,41597,2,0
961,720,25760,41597,0,0
961,720,25760,41597,0,4
961,720,25760,41597,0,4514
961,720,25760,41597,0,43
961,720,25760,41597,0,3
961,720,25760,41597,0,500
2,24,75,192,1,0
2,24,75,192,0,0
2,24,75,192,1,0
2,24,75,192,2,0
2,24,75,192,0,0
2,24,75,192,0,0
2,24,75,192,1,1
2,24,75,192,0,0
2,24,75,192,0,0
2,24,75,192,0,0
2,24,75,192,0,0
2,24,75,192,0,0
2,24,75,192,0,0
2,24,75,192,0,0
2,24,75,192,0,0
2,24,75,192,0,0
2,24,75,192,0,0
2,24,75,192,0,0
2,24,75,192,0,0
2,24,75,192,0,0
113,261,1587,2465,0,14
113,261,1587,2465,0,0
113,261,1587,2465,0,0
113,261,1587,2465,0,0
113,261,1587,2465,0,0
113,261,1587,2465,0,0
113,261,1587,2465,3,0
113,261,1587,2465,1,1
113,261,1587,2465,0,0
113,261,1587,2465,0,0
113,261,1587,2465,0,236
113,261,1587,2465,0,375
113,261,1587,2465,0,0
113,261,1587,2465,0,2
113,261,1587,2465,0,0
113,261,1587,2465,0,0
113,261,1587,2465,1,0
113,261,1587,2465,0,48
113,261,1587,2465,1,0
113,261,1587,2465,0,139086
994,650,4021,4595,0,0
994,650,4021,4595,0,0
994,650,4021,4595,0,157
994,650,4021,4595,1,0
994,650,4021,4595,0,0
994,650,4021,4595,0,0
994,650,4021,4595,1,0
994,650,4021,4595,0,0
994,650,4021,4595,1,0
994,650,4021,4595,0,0
994,650,4021,4595,0,0
994,650,4021,4595,2,0
994,650,4021,4595,0,0
994,650,4021,4595,0,0
994,650,4021,4595,1,0
994,650,4021,4595,2,0
994,650,4021,4595,2,1
994,650,4021,4595,0,0
994,650,4021,4595,1,1
994,650,4021,4595,2,2
163,332,21155,7165,0,0
163,332,21155,7165,0,0
163,332,21155,7165,1,0
163,332,21155,7165,0,0
163,332,21155,7165,0,0
163,332,21155,7165,0,0
163,332,21155,7165,0,0
163,332,21155,7165,3,0
163,332,21155,7165,1,0
163,332,21155,7165,2,0
163,332,21155,7165,3,0
163,332,21155,7165,23,1
163,332,21155,7165,10,1
163,332,21155,7165,4,0
163,332,21155,7165,1,0
163,332,21155,7165,0,41
163,332,21155,7165,2,0
163,332,21155,7165,0,0
163,332,21155,7165,5,0
163,332,21155,7165,0,0
51,134,777,985,0,0
51,134,777,985,0,0
51,134,777,985,0,0
51,134,777,985,0,0
51,134,777,985,0,0
51,134,777,985,0,0
51,134,777,985,0,0
51,134,777,985,1,1
51,134,777,985,0,0
51,134,777,985,0,0
51,134,777,985,0,0
51,134,777,985,0,0
51,134,777,985,0,0
51,134,777,985,12,0
51,134,777,985,1,0
51,134,777,985,12,1
51,134,777,985,0,0
51,134,777,985,1,0
51,134,777,985,107,7
51,134,777,985,0,0
8039370,315,1184,435090,8,1
8039370,315,1184,435090,56,3
8039370,315,1184,435090,35,1
8039370,315,1184,435090,25,4
8039370,315,1184,435090,204,21
8039370,315,1184,435090,37,6
8039370,315,1184,435090,28,1
8039370,315,1184,435090,35,4
8039370,315,1184,435090,2,0
8039370,315,1184,435090,27,6
8039370,315,1184,435090,32,5
8039370,315,1184,435090,2,1
8039370,315,1184,435090,103,25
8039370,315,1184,435090,3,0
8039370,315,1184,435090,0,6
8039370,315,1184,435090,0,4
8039370,315,1184,435090,0,135
8039370,315,1184,435090,52,20
8039370,315,1184,435090,102,6
8039370,315,1184,435090,0,6
52,102,78,828,0,0
52,102,78,828,0,23
52,102,78,828,0,0
52,102,78,828,0,0
52,102,78,828,0,0
52,102,78,828,0,0
52,102,78,828,0,64
52,102,78,828,0,10
52,102,78,828,0,0
52,102,78,828,0,0
52,102,78,828,0,4004
52,102,78,828,0,8411
52,102,78,828,0,3
52,102,78,828,0,0
52,102,78,828,0,0
52,102,78,828,0,0
52,102,78,828,0,50
52,102,78,828,0,72
52,102,78,828,0,6
52,102,78,828,0,1134
65,167,1499,3105,0,0
65,167,1499,3105,0,0
65,167,1499,3105,0,0
65,167,1499,3105,0,0
65,167,1499,3105,0,0
65,167,1499,3105,1,0
65,167,1499,3105,0,0
65,167,1499,3105,5,0
65,167,1499,3105,0,0
65,167,1499,3105,0,0
65,167,1499,3105,0,0
65,167,1499,3105,1,0
65,167,1499,3105,1,0
65,167,1499,3105,0,50399
65,167,1499,3105,2,0
65,167,1499,3105,0,309
65,167,1499,3105,6,0
65,167,1499,3105,0,0
65,167,1499,3105,0,0
65,167,1499,3105,0,0
203,442,2117,2023,0,0
203,442,2117,2023,0,0
203,442,2117,2023,0,0
203,442,2117,2023,0,0
203,442,2117,2023,1,0
203,442,2117,2023,0,0
203,442,2117,2023,0,0
203,442,2117,2023,0,0
203,442,2117,2023,0,0
203,442,2117,2023,2,1
203,442,2117,2023,0,0
203,442,2117,2023,1,0
203,442,2117,2023,1,0
203,442,2117,2023,1,0
203,442,2117,2023,0,0
203,442,2117,2023,0,0
203,442,2117,2023,1,0
203,442,2117,2023,1,0
203,442,2117,2023,0,0
203,442,2117,2023,0,0
153,230,5979,2422,0,0
153,230,5979,2422,0,0
153,230,5979,2422,0,0
153,230,5979,2422,0,0
153,230,5979,2422,0,0
153,230,5979,2422,3,0
153,230,5979,2422,0,0
153,230,5979,2422,0,0
153,230,5979,2422,0,139087
153,230,5979,2422,0,0
153,230,5979,2422,1,0
153,230,5979,2422,1,0
153,230,5979,2422,0,107703
153,230,5979,2422,0,0
153,230,5979,2422,0,323
153,230,5979,2422,2,0
153,230,5979,2422,3,0
153,230,5979,2422,1,0
153,230,5979,2422,2,0
153,230,5979,2422,4,0
54,271,1536,1191,0,244
54,271,1536,1191,0,0
54,271,1536,1191,0,97
54,271,1536,1191,0,1273
54,271,1536,1191,0,11
54,271,1536,1191,0,426
54,271,1536,1191,0,3528
54,271,1536,1191,0,5
54,271,1536,1191,0,2264
54,271,1536,1191,0,78
54,271,1536,1191,0,220
54,271,1536,1191,0,0
54,271,1536,1191,0,4
54,271,1536,1191,0,0
54,271,1536,1191,0,868
54,271,1536,1191,0,0
54,271,1536,1191,0,866
54,271,1536,1191,0,19033
54,271,1536,1191,0,2
54,271,1536,1191,0,272
167,213,2255,2934,0,0
167,213,2255,2934,1,0
167,213,2255,2934,1,0
167,213,2255,2934,0,219
167,213,2255,2934,0,0
167,213,2255,2934,1,1
167,213,2255,2934,0,0
167,213,2255,2934,0,0
167,213,2255,2934,1,0
167,213,2255,2934,0,0
167,213,2255,2934,0,0
167,213,2255,2934,0,0
167,213,2255,2934,0,0
167,213,2255,2934,0,0
167,213,2255,2934,0,1
167,213,2255,2934,0,0
167,213,2255,2934,0,0
167,213,2255,2934,0,176
167,213,2255,2934,0,0
167,213,2255,2934,0,0
42,22,1298,7130,0,0
42,22,1298,7130,0,0
42,22,1298,7130,1,0
42,22,1298,7130,0,0
42,22,1298,7130,0,0
42,22,1298,7130,1,0
42,22,1298,7130,1,0
42,22,1298,7130,0,0
42,22,1298,7130,0,0
42,22,1298,7130,1,0
42,22,1298,7130,0,0
42,22,1298,7130,1,0
42,22,1298,7130,3,0
42,22,1298,7130,0,0
42,22,1298,7130,0,0
42,22,1298,7130,0,0
42,22,1298,7130,0,0
42,22,1298,7130,1,0
42,22,1298,7130,0,0
42,22,1298,7130,0,0
392,193,3111,16131,2,0
392,193,3111,16131,0,0
392,193,3111,16131,12,2
392,193,3111,16131,11,0
392,193,3111,16131,3,0
392,193,3111,16131,0,0
392,193,3111,16131,1,0
392,193,3111,16131,0,0
392,193,3111,16131,10,0
392,193,3111,16131,0,0
392,193,3111,16131,6,0
392,193,3111,16131,6,0
392,193,3111,16131,18,0
392,193,3111,16131,8,0
392,193,3111,16131,3,0
392,193,3111,16131,4,0
392,193,3111,16131,4,0
392,193,3111,16131,0,0
392,193,3111,16131,0,0
392,193,3111,16131,2,0
281,1189,20961,12970,0,0
281,1189,20961,12970,0,6803
281,1189,20961,12970,0,0
281,1189,20961,12970,0,0
281,1189,20961,12970,0,1
281,1189,20961,12970,1,0
281,1189,20961,12970,0,740
281,1189,20961,12970,0,0
281,1189,20961,12970,0,4491
281,1189,20961,12970,0,0
281,1189,20961,12970,0,12871
281,1189,20961,12970,0,1850
281,1189,20961,12970,0,4452
281,1189,20961,12970,0,15
281,1189,20961,12970,0,92
281,1189,20961,12970,0,0
281,1189,20961,12970,0,1527
281,1189,20961,12970,0,0
281,1189,20961,12970,0,1550
281,1189,20961,12970,0,0
47,87,521,1134,0,0
47,87,521,1134,1,0
47,87,521,1134,1,0
47,87,521,1134,14,0
47,87,521,1134,0,0
47,87,521,1134,2,0
47,87,521,1134,1,0
47,87,521,1134,0,0
47,87,521,1134,2,1
47,87,521,1134,2,0
47,87,521,1134,4,0
47,87,521,1134,0,0
47,87,521,1134,0,0
47,87,521,1134,0,0
47,87,521,1134,0,0
47,87,521,1134,0,0
47,87,521,1134,0,0
47,87,521,1134,0,0
47,87,521,1134,0,0
47,87,521,1134,0,0
80,163,4786,4539,0,0
80,163,4786,4539,0,0
80,163,4786,4539,0,0
80,163,4786,4539,0,0
80,163,4786,4539,0,0
80,163,4786,4539,0,0
80,163,4786,4539,1,0
80,163,4786,4539,0,0
80,163,4786,4539,0,0
80,163,4786,4539,0,0
80,163,4786,4539,1,0
80,163,4786,4539,0,0
80,163,4786,4539,0,0
80,163,4786,4539,0,0
80,163,4786,4539,0,0
80,163,4786,4539,0,0
80,163,4786,4539,1,0
80,163,4786,4539,1,0
80,163,4786,4539,1,0
80,163,4786,4539,5,0
99,442,2231,7899,0,0
99,442,2231,7899,0,0
99,442,2231,7899,0,0
99,442,2231,7899,0,3
99,442,2231,7899,0,0
99,442,2231,7899,0,0
99,442,2231,7899,0,0
99,442,2231,7899,1,1
99,442,2231,7899,0,0
99,442,2231,7899,0,0
99,442,2231,7899,4,1
99,442,2231,7899,0,0
99,442,2231,7899,0,0
99,442,2231,7899,0,40
99,442,2231,7899,0,0
99,442,2231,7899,0,0
99,442,2231,7899,1,1
99,442,2231,7899,2,0
99,442,2231,7899,0,4
99,442,2231,7899,1,0
122,172,1671,2089,0,0
122,172,1671,2089,0,0
122,172,1671,2089,0,0
122,172,1671,2089,0,0
122,172,1671,2089,1,0
122,172,1671,2089,0,5158
122,172,1671,2089,4,0
122,172,1671,2089,1,0
122,172,1671,2089,0,0
122,172,1671,2089,0,11
122,172,1671,2089,1,0
122,172,1671,2089,3,0
122,172,1671,2089,0,0
122,172,1671,2089,0,0
122,172,1671,2089,1,0
122,172,1671,2089,1,0
122,172,1671,2089,0,0
122,172,1671,2089,0,0
122,172,1671,2089,0,0
122,172,1671,2089,1,0
948,1384,39030,53942,0,21
948,1384,39030,53942,0,0
948,1384,39030,53942,0,104
948,1384,39030,53942,0,145
948,1384,39030,53942,0,0
948,1384,39030,53942,0,557
948,1384,39030,53942,1,0
948,1384,39030,53942,0,1
948,1384,39030,53942,0,0
948,1384,39030,53942,0,17
948,1384,39030,53942,0,0
948,1384,39030,53942,0,37
948,1384,39030,53942,0,0
948,1384,39030,53942,0,0
948,1384,39030,53942,0,86
948,1384,39030,53942,2,0
948,1384,39030,53942,0,11
948,1384,39030,53942,0,15
948,1384,39030,53942,1,0
948,1384,39030,53942,0,387
11,39,1912,1617,0,0
11,39,1912,1617,0,0
11,39,1912,1617,0,0
11,39,1912,1617,0,125
11,39,1912,1617,0,0
11,39,1912,1617,0,0
11,39,1912,1617,0,0
11,39,1912,1617,0,0
11,39,1912,1617,0,174
11,39,1912,1617,0,1764
11,39,1912,1617,0,3556
11,39,1912,1617,0,850
11,39,1912,1617,0,333
11,39,1912,1617,0,718
11,39,1912,1617,1,0
11,39,1912,1617,0,2291
11,39,1912,1617,0,0
11,39,1912,1617,0,0
11,39,1912,1617,0,0
1033,592,68778,14442,0,683
1033,592,68778,14442,0,70
1033,592,68778,14442,1,0
1033,592,68778,14442,0,22469
1033,592,68778,14442,2,0
1033,592,68778,14442,0,0
1033,592,68778,14442,0,0
1033,592,68778,14442,0,652
1033,592,68778,14442,0,0
1033,592,68778,14442,0,69
1033,592,68778,14442,2,0
1033,592,68778,14442,1,0
1033,592,68778,14442,5,0
1033,592,68778,14442,2,0
1033,592,68778,14442,0,0
1033,592,68778,14442,1,0
1033,592,68778,14442,0,249
1033,592,68778,14442,3,0
1033,592,68778,14442,2,0
1033,592,68778,14442,2,0
116,331,3114,2129,0,0
116,331,3114,2129,0,0
116,331,3114,2129,1,0
116,331,3114,2129,0,0
116,331,3114,2129,0,0
116,331,3114,2129,3,0
116,331,3114,2129,1,0
116,331,3114,2129,0,366
116,331,3114,2129,0,138
116,331,3114,2129,1,0
116,331,3114,2129,0,12
116,331,3114,2129,0,291
116,331,3114,2129,0,0
116,331,3114,2129,0,0
116,331,3114,2129,0,1741
116,331,3114,2129,0,0
116,331,3114,2129,0,4030
116,331,3114,2129,1,0
116,331,3114,2129,0,268
116,331,3114,2129,1,0
38,146,1296,2554,0,0
38,146,1296,2554,0,0
38,146,1296,2554,0,0
38,146,1296,2554,0,0
38,146,1296,2554,0,0
38,146,1296,2554,0,0
38,146,1296,2554,0,0
38,146,1296,2554,0,0
38,146,1296,2554,0,0
38,146,1296,2554,0,0
38,146,1296,2554,0,0
38,146,1296,2554,0,0
38,146,1296,2554,0,0
38,146,1296,2554,0,0
38,146,1296,2554,0,0
38,146,1296,2554,0,0
38,146,1296,2554,0,0
38,146,1296,2554,0,0
38,146,1296,2554,0,0
38,146,1296,2554,0,0
25,190,461,92,0,0
25,190,461,92,0,0
25,190,461,92,0,0
25,190,461,92,0,0
25,190,461,92,0,0
25,190,461,92,0,0
25,190,461,92,0,0
25,190,461,92,0,0
25,190,461,92,0,1
25,190,461,92,0,0
25,190,461,92,0,0
25,190,461,92,0,0
25,190,461,92,0,0
25,190,461,92,3,0
25,190,461,92,0,0
25,190,461,92,0,0
25,190,461,92,1,0
25,190,461,92,1,0
25,190,461,92,20,0
25,190,461,92,0,0
29,90,6797,1527,0,0
29,90,6797,1527,0,0
29,90,6797,1527,0,0
29,90,6797,1527,0,0
29,90,6797,1527,2,0
29,90,6797,1527,1,0
29,90,6797,1527,0,0
29,90,6797,1527,0,0
29,90,6797,1527,1,0
29,90,6797,1527,0,0
29,90,6797,1527,1,0
29,90,6797,1527,0,0
29,90,6797,1527,0,0
29,90,6797,1527,1,0
29,90,6797,1527,1,0
29,90,6797,1527,3,0
29,90,6797,1527,0,0
29,90,6797,1527,0,0
29,90,6797,1527,1,0
29,90,6797,1527,0,0
191,12,125,3840,0,0
191,12,125,3840,1,0
191,12,125,3840,0,0
191,12,125,3840,2,0
191,12,125,3840,0,0
191,12,125,3840,1,0
191,12,125,3840,0,0
191,12,125,3840,0,0
191,12,125,3840,3,1
191,12,125,3840,0,0
191,12,125,3840,4,0
191,12,125,3840,1,0
191,12,125,3840,1,0
191,12,125,3840,3,0
191,12,125,3840,8,0
191,12,125,3840,1,0
191,12,125,3840,1,0
191,12,125,3840,1,0
191,12,125,3840,2,0
191,12,125,3840,0,0
13,62,218,2623,0,0
13,62,218,2623,1,0
13,62,218,2623,0,0
13,62,218,2623,3,0
13,62,218,2623,2,1
13,62,218,2623,0,0
13,62,218,2623,0,0
13,62,218,2623,0,0
13,62,218,2623,1,0
13,62,218,2623,0,0
13,62,218,2623,0,0
13,62,218,2623,1,0
13,62,218,2623,8,0
13,62,218,2623,0,0
13,62,218,2623,0,0
13,62,218,2623,3,2
13,62,218,2623,0,0
13,62,218,2623,4,0
13,62,218,2623,0,0
13,62,218,2623,0,0
203,329,6439,33923,1,0
203,329,6439,33923,0,70
203,329,6439,33923,0,1448
203,329,6439,33923,0,0
203,329,6439,33923,0,2291
203,329,6439,33923,0,121
203,329,6439,33923,0,259
203,329,6439,33923,0,0
203,329,6439,33923,0,0
203,329,6439,33923,0,0
203,329,6439,33923,0,0
203,329,6439,33923,0,85
203,329,6439,33923,0,653
203,329,6439,33923,0,0
203,329,6439,33923,0,2260
203,329,6439,33923,1,0
203,329,6439,33923,2,1
203,329,6439,33923,0,0
203,329,6439,33923,0,0
203,329,6439,33923,0,0
349,737,66973,12314,1,0
349,737,66973,12314,1,0
349,737,66973,12314,23,0
349,737,66973,12314,25,1
349,737,66973,12314,0,0
349,737,66973,12314,1,0
349,737,66973,12314,0,0
349,737,66973,12314,1,0
349,737,66973,12314,0,0
349,737,66973,12314,0,0
349,737,66973,12314,0,0
349,737,66973,12314,0,0
349,737,66973,12314,0,0
349,737,66973,12314,0,0
349,737,66973,12314,0,0
349,737,66973,12314,1,0
349,737,66973,12314,0,0
349,737,66973,12314,0,0
349,737,66973,12314,0,0
349,737,66973,12314,1,0
35,89,678,305,3,0
35,89,678,305,0,635
35,89,678,305,0,0
35,89,678,305,0,0
35,89,678,305,0,0
35,89,678,305,0,3322
35,89,678,305,0,0
35,89,678,305,0,2190
35,89,678,305,1,0
35,89,678,305,0,997
35,89,678,305,0,830
35,89,678,305,0,0
35,89,678,305,0,0
35,89,678,305,0,0
35,89,678,305,0,39
35,89,678,305,0,0
35,89,678,305,0,0
35,89,678,305,0,0
35,89,678,305,0,0
35,89,678,305,0,0
1058,156,5138,10055,0,0
1058,156,5138,10055,0,0
1058,156,5138,10055,3,0
1058,156,5138,10055,1,0
1058,156,5138,10055,0,0
1058,156,5138,10055,0,0
1058,156,5138,10055,2,0
1058,156,5138,10055,7,1
1058,156,5138,10055,1,0
1058,156,5138,10055,1,0
1058,156,5138,10055,1,0
1058,156,5138,10055,0,8
1058,156,5138,10055,0,19
1058,156,5138,10055,1,0
1058,156,5138,10055,0,1290
1058,156,5138,10055,1,0
1058,156,5138,10055,1,0
1058,156,5138,10055,1,0
1058,156,5138,10055,2,0
1058,156,5138,10055,2,0
39,220,3651,5595,7,0
39,220,3651,5595,2,0
39,220,3651,5595,4,2
39,220,3651,5595,6,1
39,220,3651,5595,0,0
39,220,3651,5595,0,0
39,220,3651,5595,0,0
39,220,3651,5595,0,0
39,220,3651,5595,3,0
39,220,3651,5595,0,44309
39,220,3651,5595,4,0
39,220,3651,5595,0,6348
39,220,3651,5595,0,0
39,220,3651,5595,0,0
39,220,3651,5595,0,0
39,220,3651,5595,3,0
39,220,3651,5595,9,0
39,220,3651,5595,1,0
39,220,3651,5595,1,0
39,220,3651,5595,1,0
57,97,1316,6176,0,0
57,97,1316,6176,4,0
57,97,1316,6176,0,0
57,97,1316,6176,7,1
57,97,1316,6176,5,1
57,97,1316,6176,0,0
57,97,1316,6176,0,0
57,97,1316,6176,3,0
57,97,1316,6176,20,0
57,97,1316,6176,12,0
57,97,1316,6176,1,0
57,97,1316,6176,0,0
57,97,1316,6176,0,0
57,97,1316,6176,38,2
57,97,1316,6176,0,0
57,97,1316,6176,1,0
57,97,1316,6176,15,1
57,97,1316,6176,0,0
57,97,1316,6176,0,0
57,97,1316,6176,0,0
194,318,648,4197,7,1
194,318,648,4197,3,1
194,318,648,4197,0,0
194,318,648,4197,0,7730
194,318,648,4197,8,0
194,318,648,4197,10,0
194,318,648,4197,7,0
194,318,648,4197,2,0
194,318,648,4197,0,0
194,318,648,4197,0,0
194,318,648,4197,2,0
194,318,648,4197,0,0
194,318,648,4197,0,0
194,318,648,4197,2,0
194,318,648,4197,0,0
194,318,648,4197,0,0
194,318,648,4197,0,0
194,318,648,4197,0,0
194,318,648,4197,4,1
194,318,648,4197,3,0
390,201,7491,2243,0,0
390,201,7491,2243,0,0
390,201,7491,2243,0,0
390,201,7491,2243,0,0
390,201,7491,2243,0,0
390,201,7491,2243,0,0
390,201,7491,2243,0,0
390,201,7491,2243,0,0
390,201,7491,2243,0,0
390,201,7491,2243,1,0
390,201,7491,2243,0,0
390,201,7491,2243,0,0
390,201,7491,2243,0,0
390,201,7491,2243,0,0
390,201,7491,2243,0,0
390,201,7491,2243,2,0
390,201,7491,2243,0,0
390,201,7491,2243,0,0
390,201,7491,2243,0,0
390,201,7491,2243,0,0
116,70,677,27160,0,0
116,70,677,27160,0,0
116,70,677,27160,3,1
116,70,677,27160,11,0
116,70,677,27160,3,0
116,70,677,27160,0,0
116,70,677,27160,0,0
116,70,677,27160,0,0
116,70,677,27160,0,0
116,70,677,27160,0,0
116,70,677,27160,0,0
116,70,677,27160,1,0
116,70,677,27160,0,0
116,70,677,27160,0,0
116,70,677,27160,0,0
116,70,677,27160,1,0
116,70,677,27160,2,0
116,70,677,27160,1,0
116,70,677,27160,0,0
116,70,677,27160,0,0
2157,1492,55594,27551,0,0
2157,1492,55594,27551,2,0
2157,1492,55594,27551,0,0
2157,1492,55594,27551,0,0
2157,1492,55594,27551,0,0
2157,1492,55594,27551,1,0
2157,1492,55594,27551,1,0
2157,1492,55594,27551,0,0
2157,1492,55594,27551,0,0
2157,1492,55594,27551,1,0
2157,1492,55594,27551,0,3
2157,1492,55594,27551,1,0
2157,1492,55594,27551,1,0
2157,1492,55594,27551,0,0
2157,1492,55594,27551,1,0
2157,1492,55594,27551,1,0
2157,1492,55594,27551,1,0
2157,1492,55594,27551,0,5
2157,1492,55594,27551,0,1
2157,1492,55594,27551,0,0
42,201,4400,1032,2,0
42,201,4400,1032,0,4336
42,201,4400,1032,0,23479
42,201,4400,1032,0,379
42,201,4400,1032,1,0
42,201,4400,1032,0,0
42,201,4400,1032,0,0
42,201,4400,1032,0,0
42,201,4400,1032,0,0
42,201,4400,1032,1,0
42,201,4400,1032,0,8218
42,201,4400,1032,0,52
42,201,4400,1032,0,338360
42,201,4400,1032,0,4
42,201,4400,1032,0,34
42,201,4400,1032,0,0
42,201,4400,1032,0,0
42,201,4400,1032,0,486
42,201,4400,1032,0,42
42,201,4400,1032,1,0
52,106,4528,3353,0,0
52,106,4528,3353,5,0
52,106,4528,3353,0,0
52,106,4528,3353,1,0
52,106,4528,3353,0,0
52,106,4528,3353,0,0
52,106,4528,3353,6,0
52,106,4528,3353,1,0
52,106,4528,3353,0,0
52,106,4528,3353,3,0
52,106,4528,3353,1,0
52,106,4528,3353,9,1
52,106,4528,3353,4,2
52,106,4528,3353,0,0
52,106,4528,3353,0,0
52,106,4528,3353,1,0
52,106,4528,3353,2,0
52,106,4528,3353,0,0
52,106,4528,3353,0,0
52,106,4528,3353,0,0
130,383,994,1910,0,55
130,383,994,1910,0,0
130,383,994,1910,0,0
130,383,994,1910,0,0
130,383,994,1910,0,4
130,383,994,1910,0,0
130,383,994,1910,0,2
130,383,994,1910,0,0
130,383,994,1910,1,0
130,383,994,1910,0,0
130,383,994,1910,0,0
130,383,994,1910,0,0
130,383,994,1910,0,0
130,383,994,1910,0,0
130,383,994,1910,0,0
130,383,994,1910,0,611
130,383,994,1910,1,0
130,383,994,1910,0,0
130,383,994,1910,0,498
130,383,994,1910,0,1127
418,411,1927,1955,1,0
418,411,1927,1955,2,0
418,411,1927,1955,1,0
418,411,1927,1955,0,29
418,411,1927,1955,3,0
418,411,1927,1955,0,0
418,411,1927,1955,0,5
418,411,1927,1955,0,11
418,411,1927,1955,0,15
418,411,1927,1955,8,1
418,411,1927,1955,2,0
418,411,1927,1955,0,5
418,411,1927,1955,0,3211
418,411,1927,1955,1,0
418,411,1927,1955,0,0
418,411,1927,1955,0,8
418,411,1927,1955,0,5
418,411,1927,1955,0,0
418,411,1927,1955,7,1
418,411,1927,1955,0,18
184,283,3632,5026,8,0
184,283,3632,5026,0,0
184,283,3632,5026,0,0
184,283,3632,5026,0,0
184,283,3632,5026,0,0
184,283,3632,5026,0,0
184,283,3632,5026,0,0
184,283,3632,5026,0,0
184,283,3632,5026,0,0
184,283,3632,5026,1,0
184,283,3632,5026,0,0
184,283,3632,5026,1,0
184,283,3632,5026,0,0
184,283,3632,5026,1,0
184,283,3632,5026,0,0
184,283,3632,5026,1,0
184,283,3632,5026,0,0
184,283,3632,5026,0,0
184,283,3632,5026,0,0
184,283,3632,5026,0,0
53,71,3882,1268,3,0
53,71,3882,1268,1,0
53,71,3882,1268,0,0
53,71,3882,1268,2,0
53,71,3882,1268,0,0
53,71,3882,1268,0,0
53,71,3882,1268,4,2
53,71,3882,1268,1,0
53,71,3882,1268,0,131
53,71,3882,1268,0,0
53,71,3882,1268,0,0
53,71,3882,1268,0,0
53,71,3882,1268,0,2
53,71,3882,1268,1,0
53,71,3882,1268,1,0
53,71,3882,1268,1,0
53,71,3882,1268,1,0
53,71,3882,1268,0,0
53,71,3882,1268,2,0
135,68,61742,32143,1,0
135,68,61742,32143,0,2975
135,68,61742,32143,0,4673
135,68,61742,32143,0,8806
135,68,61742,32143,1,0
135,68,61742,32143,0,131019
135,68,61742,32143,0,47433
135,68,61742,32143,0,49564
135,68,61742,32143,0,2904
135,68,61742,32143,4,0
135,68,61742,32143,0,14487
135,68,61742,32143,0,7480
135,68,61742,32143,0,10877
135,68,61742,32143,0,42593
135,68,61742,32143,0,16453
135,68,61742,32143,0,13470
135,68,61742,32143,0,0
135,68,61742,32143,0,0
135,68,61742,32143,0,12530
135,68,61742,32143,0,0
455716,95,161,159620,0,5
455716,95,161,159620,0,3
455716,95,161,159620,0,1
455716,95,161,159620,0,6
455716,95,161,159620,0,1
455716,95,161,159620,5,2
455716,95,161,159620,1,0
455716,95,161,159620,0,1
455716,95,161,159620,0,7
455716,95,161,159620,0,6
455716,95,161,159620,0,3
455716,95,161,159620,6,7
455716,95,161,159620,0,3
455716,95,161,159620,81,33
455716,95,161,159620,8,4
455716,95,161,159620,0,4
455716,95,161,159620,0,172
455716,95,161,159620,12,2
455716,95,161,159620,0,14
455716,95,161,159620,0,1
27,168,4359,852,0,0
27,168,4359,852,9,0
27,168,4359,852,0,0
27,168,4359,852,0,0
27,168,4359,852,0,0
27,168,4359,852,1,0
27,168,4359,852,0,0
27,168,4359,852,0,0
27,168,4359,852,0,0
27,168,4359,852,2,0
27,168,4359,852,0,0
27,168,4359,852,0,0
27,168,4359,852,0,3
27,168,4359,852,1,0
27,168,4359,852,0,0
27,168,4359,852,0,0
27,168,4359,852,0,0
27,168,4359,852,1,0
27,168,4359,852,0,0
27,168,4359,852,0,0
239,722,13190,64605,0,0
239,722,13190,64605,0,0
239,722,13190,64605,0,1
239,722,13190,64605,0,0
239,722,13190,64605,0,1
239,722,13190,64605,1,0
239,722,13190,64605,0,19
239,722,13190,64605,0,0
239,722,13190,64605,0,6
239,722,13190,64605,0,5
239,722,13190,64605,0,0
239,722,13190,64605,0,0
239,722,13190,64605,0,3
239,722,13190,64605,0,4
239,722,13190,64605,0,5
239,722,13190,64605,0,11
239,722,13190,64605,0,5
239,722,13190,64605,0,59
239,722,13190,64605,0,93
239,722,13190,64605,0,4
1556,2797,11275,55411,0,0
1556,2797,11275,55411,1,0
1556,2797,11275,55411,0,0
1556,2797,11275,55411,0,0
1556,2797,11275,55411,0,20
1556,2797,11275,55411,5,0
1556,2797,11275,55411,1,0
1556,2797,11275,55411,0,31
1556,2797,11275,55411,0,735
1556,2797,11275,55411,0,79
1556,2797,11275,55411,0,0
1556,2797,11275,55411,0,2914
1556,2797,11275,55411,0,0
1556,2797,11275,55411,0,1
1556,2797,11275,55411,0,1
1556,2797,11275,55411,0,2
1556,2797,11275,55411,0,877
1556,2797,11275,55411,1,0
1556,2797,11275,55411,0,52
1556,2797,11275,55411,1,0
169,153,1832,2414,0,0
169,153,1832,2414,0,119
169,153,1832,2414,0,646
169,153,1832,2414,1,0
169,153,1832,2414,0,0
169,153,1832,2414,0,0
169,153,1832,2414,0,161
169,153,1832,2414,0,0
169,153,1832,2414,0,1258
169,153,1832,2414,0,0
169,153,1832,2414,0,448
169,153,1832,2414,0,56
169,153,1832,2414,0,157
169,153,1832,2414,0,281
169,153,1832,2414,0,1127
169,153,1832,2414,0,4
169,153,1832,2414,0,0
169,153,1832,2414,0,1026
169,153,1832,2414,2,0
169,153,1832,2414,1,0
1282,1968,75614,6547,0,0
1282,1968,75614,6547,0,0
1282,1968,75614,6547,1,0
1282,1968,75614,6547,0,0
1282,1968,75614,6547,0,0
1282,1968,75614,6547,1,1
1282,1968,75614,6547,1,0
1282,1968,75614,6547,2,0
1282,1968,75614,6547,2,0
1282,1968,75614,6547,1,0
1282,1968,75614,6547,0,0
1282,1968,75614,6547,1,0
1282,1968,75614,6547,11,1
1282,1968,75614,6547,7,0
1282,1968,75614,6547,2,0
1282,1968,75614,6547,9,2
1282,1968,75614,6547,0,0
1282,1968,75614,6547,1,0
1282,1968,75614,6547,4,0
1282,1968,75614,6547,0,0
66,197,880,12107,2,0
66,197,880,12107,0,0
66,197,880,12107,2,2
66,197,880,12107,0,0
66,197,880,12107,0,0
66,197,880,12107,0,0
66,197,880,12107,0,0
66,197,880,12107,0,0
66,197,880,12107,2,0
66,197,880,12107,1,0
66,197,880,12107,1,0
66,197,880,12107,0,0
66,197,880,12107,1,0
66,197,880,12107,1,0
66,197,880,12107,0,0
66,197,880,12107,1,0
66,197,880,12107,0,0
66,197,880,12107,1,0
66,197,880,12107,0,0
66,197,880,12107,1,0
54,273,981,2435,1,0
54,273,981,2435,0,0
54,273,981,2435,1,0
54,273,981,2435,0,0
54,273,981,2435,0,0
54,273,981,2435,0,0
54,273,981,2435,0,0
54,273,981,2435,0,2942
54,273,981,2435,0,4441
54,273,981,2435,0,0
54,273,981,2435,0,0
54,273,981,2435,5,0
54,273,981,2435,0,8186
54,273,981,2435,0,3536
54,273,981,2435,0,3776
54,273,981,2435,0,33677
54,273,981,2435,0,4129
54,273,981,2435,4,1
54,273,981,2435,0,0
54,273,981,2435,0,0
215,189,6536,2984,0,82
215,189,6536,2984,0,183
215,189,6536,2984,0,100
215,189,6536,2984,0,0
215,189,6536,2984,0,0
215,189,6536,2984,0,884
215,189,6536,2984,0,208
215,189,6536,2984,0,286
215,189,6536,2984,0,2025
215,189,6536,2984,0,0
215,189,6536,2984,0,3323
215,189,6536,2984,2,0
215,189,6536,2984,0,0
215,189,6536,2984,0,321
215,189,6536,2984,0,3202
215,189,6536,2984,0,4090
215,189,6536,2984,0,29
215,189,6536,2984,0,298
215,189,6536,2984,0,8068
215,189,6536,2984,0,3
850,966,14476,25174,0,2
850,966,14476,25174,1,0
850,966,14476,25174,0,4
850,966,14476,25174,0,0
850,966,14476,25174,0,0
850,966,14476,25174,0,6
850,966,14476,25174,0,0
850,966,14476,25174,0,32
850,966,14476,25174,0,41
850,966,14476,25174,0,84
850,966,14476,25174,0,0
850,966,14476,25174,0,0
850,966,14476,25174,0,0
850,966,14476,25174,0,0
850,966,14476,25174,0,0
850,966,14476,25174,0,0
850,966,14476,25174,0,0
850,966,14476,25174,0,0
850,966,14476,25174,0,20
850,966,14476,25174,0,4
8,19,916,232,0,0
8,19,916,232,1,0
8,19,916,232,0,0
8,19,916,232,3,0
8,19,916,232,41,2
8,19,916,232,2,0
8,19,916,232,0,0
8,19,916,232,15,4
8,19,916,232,0,3133
8,19,916,232,2,0
8,19,916,232,0,1
8,19,916,232,0,2665
8,19,916,232,2,1
8,19,916,232,0,3083
8,19,916,232,1,0
8,19,916,232,5,0
8,19,916,232,0,2183
8,19,916,232,2,0
8,19,916,232,0,0
8,19,916,232,0,0
7492,1990,56265,40522,0,0
7492,1990,56265,40522,1,0
7492,1990,56265,40522,0,0
7492,1990,56265,40522,1,0
7492,1990,56265,40522,1,0
7492,1990,56265,40522,1,0
7492,1990,56265,40522,1,0
7492,1990,56265,40522,1,0
7492,1990,56265,40522,1,0
7492,1990,56265,40522,31,0
7492,1990,56265,40522,0,0
7492,1990,56265,40522,2,0
7492,1990,56265,40522,1,0
7492,1990,56265,40522,0,0
7492,1990,56265,40522,3,0
7492,1990,56265,40522,4,0
7492,1990,56265,40522,1,0
7492,1990,56265,40522,0,0
7492,1990,56265,40522,0,0
7492,1990,56265,40522,1,0
110,244,3792,3354,1,0
110,244,3792,3354,1,0
110,244,3792,3354,1,0
110,244,3792,3354,1,0
110,244,3792,3354,0,186
110,244,3792,3354,0,0
110,244,3792,3354,4,0
110,244,3792,3354,1,0
110,244,3792,3354,0,862
110,244,3792,3354,1,0
110,244,3792,3354,0,0
110,244,3792,3354,1,0
110,244,3792,3354,0,0
110,244,3792,3354,0,0
110,244,3792,3354,31,3
110,244,3792,3354,1,0
110,244,3792,3354,0,98
110,244,3792,3354,0,0
110,244,3792,3354,0,0
110,244,3792,3354,0,62
307,361,4639,31665,0,6
307,361,4639,31665,0,0
307,361,4639,31665,0,0
307,361,4639,31665,0,0
307,361,4639,31665,0,5
307,361,4639,31665,0,4606
307,361,4639,31665,0,8
307,361,4639,31665,0,0
307,361,4639,31665,0,0
307,361,4639,31665,0,9
307,361,4639,31665,0,49
307,361,4639,31665,0,85
307,361,4639,31665,0,220
307,361,4639,31665,1,0
307,361,4639,31665,0,2564
307,361,4639,31665,0,6
307,361,4639,31665,0,0
307,361,4639,31665,0,18
307,361,4639,31665,0,0
307,361,4639,31665,1,0
5,21,48,1040,0,0
5,21,48,1040,0,0
5,21,48,1040,0,0
5,21,48,1040,1,0
5,21,48,1040,0,0
5,21,48,1040,0,0
5,21,48,1040,0,0
5,21,48,1040,0,0
5,21,48,1040,1,0
5,21,48,1040,1,0
5,21,48,1040,6,1
5,21,48,1040,0,0
5,21,48,1040,1,0
5,21,48,1040,0,0
5,21,48,1040,1,0
5,21,48,1040,1,0
5,21,48,1040,0,0
5,21,48,1040,0,0
5,21,48,1040,0,0
5,21,48,1040,0,0
20,31,127,807,0,0
20,31,127,807,0,0
20,31,127,807,3,0
20,31,127,807,0,0
20,31,127,807,3,0
20,31,127,807,2,0
20,31,127,807,8,0
20,31,127,807,2,0
20,31,127,807,0,0
20,31,127,807,4,0
20,31,127,807,1,0
20,31,127,807,0,0
20,31,127,807,0,0
20,31,127,807,2,0
20,31,127,807,2,0
20,31,127,807,0,0
20,31,127,807,3,0
20,31,127,807,0,0
20,31,127,807,0,0
20,31,127,807,7,0
715,1473,2436,4039,1,0
715,1473,2436,4039,1,0
715,1473,2436,4039,2,0
715,1473,2436,4039,3,0
715,1473,2436,4039,0,0
715,1473,2436,4039,0,0
715,1473,2436,4039,3,1
715,1473,2436,4039,0,0
715,1473,2436,4039,1,0
715,1473,2436,4039,2,0
715,1473,2436,4039,9,0
715,1473,2436,4039,2,0
715,1473,2436,4039,1,0
715,1473,2436,4039,0,0
715,1473,2436,4039,2,1
715,1473,2436,4039,9,4
715,1473,2436,4039,0,0
715,1473,2436,4039,1,0
715,1473,2436,4039,1,0
715,1473,2436,4039,0,0
8249,663,3096,27267,0,41
8249,663,3096,27267,0,1
8249,663,3096,27267,0,3350
8249,663,3096,27267,0,0
8249,663,3096,27267,0,0
8249,663,3096,27267,0,0
8249,663,3096,27267,0,0
8249,663,3096,27267,1,1
8249,663,3096,27267,0,1
8249,663,3096,27267,0,0
8249,663,3096,27267,1,0
8249,663,3096,27267,0,0
8249,663,3096,27267,0,0
8249,663,3096,27267,1,0
8249,663,3096,27267,0,0
8249,663,3096,27267,0,0
8249,663,3096,27267,0,0
8249,663,3096,27267,0,0
8249,663,3096,27267,0,0
8249,663,3096,27267,1,0
154,169,1579,2578,0,0
154,169,1579,2578,0,0
154,169,1579,2578,0,0
154,169,1579,2578,0,0
154,169,1579,2578,0,0
154,169,1579,2578,2,0
154,169,1579,2578,8,1
154,169,1579,2578,2,0
154,169,1579,2578,3,1
154,169,1579,2578,1,0
154,169,1579,2578,0,0
154,169,1579,2578,0,0
154,169,1579,2578,2,0
154,169,1579,2578,2,0
154,169,1579,2578,0,9
154,169,1579,2578,0,0
154,169,1579,2578,0,241
154,169,1579,2578,0,0
154,169,1579,2578,1,0
154,169,1579,2578,7,2
0,45,316,0,0,0
40,324,25098,5169,0,0
40,324,25098,5169,0,0
40,324,25098,5169,0,0
40,324,25098,5169,0,3129
40,324,25098,5169,0,0
40,324,25098,5169,0,21
40,324,25098,5169,0,780
40,324,25098,5169,0,0
40,324,25098,5169,0,0
40,324,25098,5169,0,27
40,324,25098,5169,0,0
40,324,25098,5169,0,159
40,324,25098,5169,0,0
40,324,25098,5169,0,6644
40,324,25098,5169,0,4044
40,324,25098,5169,0,0
40,324,25098,5169,0,0
40,324,25098,5169,0,229
40,324,25098,5169,0,3064
40,324,25098,5169,0,432
10,60,51,182,1,0
10,60,51,182,0,0
10,60,51,182,0,0
10,60,51,182,0,0
10,60,51,182,2,0
10,60,51,182,0,0
10,60,51,182,0,0
10,60,51,182,0,0
10,60,51,182,0,0
10,60,51,182,3,0
10,60,51,182,1,0
10,60,51,182,0,0
10,60,51,182,1,0
10,60,51,182,0,0
10,60,51,182,0,0
10,60,51,182,3,1
10,60,51,182,2,0
10,60,51,182,21,6
10,60,51,182,0,0
10,60,51,182,1,0
6,40,9,229,1,0
6,40,9,229,0,0
6,40,9,229,2,1
6,40,9,229,0,0
6,40,9,229,1,0
6,40,9,229,1,0
6,40,9,229,1,0
6,40,9,229,2,0
6,40,9,229,1,0
6,40,9,229,0,0
6,40,9,229,0,0
6,40,9,229,0,0
6,40,9,229,0,0
6,40,9,229,0,0
6,40,9,229,0,0
6,40,9,229,0,0
6,40,9,229,1,0
6,40,9,229,0,0
6,40,9,229,0,0
6,40,9,229,1,0
130,460,12056,17089,0,4
130,460,12056,17089,0,0
130,460,12056,17089,0,53
130,460,12056,17089,0,0
130,460,12056,17089,1,0
130,460,12056,17089,0,216
130,460,12056,17089,0,0
130,460,12056,17089,2,0
130,460,12056,17089,1,0
130,460,12056,17089,0,999
130,460,12056,17089,0,0
130,460,12056,17089,0,0
130,460,12056,17089,1,0
130,460,12056,17089,0,0
130,460,12056,17089,0,0
130,460,12056,17089,0,0
130,460,12056,17089,0,456
130,460,12056,17089,0,0
130,460,12056,17089,0,0
130,460,12056,17089,1,0
1659,3578,4243,14769,0,0
1659,3578,4243,14769,1,0
1659,3578,4243,14769,1,0
1659,3578,4243,14769,0,0
1659,3578,4243,14769,0,0
1659,3578,4243,14769,16,0
1659,3578,4243,14769,1,0
1659,3578,4243,14769,2,0
1659,3578,4243,14769,2,0
1659,3578,4243,14769,0,0
1659,3578,4243,14769,0,0
1659,3578,4243,14769,4,1
1659,3578,4243,14769,1,0
1659,3578,4243,14769,1,0
1659,3578,4243,14769,0,0
1659,3578,4243,14769,2,0
1659,3578,4243,14769,1,0
1659,3578,4243,14769,0,0
1659,3578,4243,14769,0,0
1659,3578,4243,14769,0,71
348,112,15432,35358,0,0
348,112,15432,35358,0,0
348,112,15432,35358,0,0
348,112,15432,35358,1,0
348,112,15432,35358,1,0
348,112,15432,35358,0,0
348,112,15432,35358,0,0
348,112,15432,35358,1,0
348,112,15432,35358,0,6
348,112,15432,35358,3,0
348,112,15432,35358,2,0
348,112,15432,35358,0,0
348,112,15432,35358,1,0
348,112,15432,35358,0,1
348,112,15432,35358,0,897
348,112,15432,35358,0,0
348,112,15432,35358,1,0
348,112,15432,35358,0,0
348,112,15432,35358,2,0
348,112,15432,35358,1,0
8,121,694,141,0,0
8,121,694,141,0,0
8,121,694,141,0,0
8,121,694,141,0,6808
8,121,694,141,0,813
8,121,694,141,0,1363
8,121,694,141,1,0
8,121,694,141,0,8567
8,121,694,141,0,26455
8,121,694,141,1,0
8,121,694,141,0,0
8,121,694,141,1,1
8,121,694,141,0,45272
8,121,694,141,2,0
8,121,694,141,0,9
8,121,694,141,0,7237
8,121,694,141,0,57
8,121,694,141,1,0
8,121,694,141,0,0
8,121,694,141,1,0
32,38,1527,3076,0,0
32,38,1527,3076,0,0
32,38,1527,3076,0,0
32,38,1527,3076,0,0
32,38,1527,3076,0,0
32,38,1527,3076,0,0
32,38,1527,3076,0,0
32,38,1527,3076,0,0
32,38,1527,3076,0,0
32,38,1527,3076,0,0
32,38,1527,3076,0,0
32,38,1527,3076,0,0
32,38,1527,3076,0,0
32,38,1527,3076,0,0
32,38,1527,3076,0,0
32,38,1527,3076,0,0
32,38,1527,3076,0,0
32,38,1527,3076,0,0
32,38,1527,3076,0,0
32,38,1527,3076,0,0
529,834,6569,21006,0,0
529,834,6569,21006,0,307
529,834,6569,21006,0,234
529,834,6569,21006,0,0
529,834,6569,21006,1,0
529,834,6569,21006,34,23
529,834,6569,21006,0,0
529,834,6569,21006,0,0
529,834,6569,21006,1,0
529,834,6569,21006,0,3370
529,834,6569,21006,0,2
529,834,6569,21006,1,0
529,834,6569,21006,0,0
529,834,6569,21006,0,0
529,834,6569,21006,0,0
529,834,6569,21006,0,55
529,834,6569,21006,3,1
529,834,6569,21006,0,0
529,834,6569,21006,0,0
529,834,6569,21006,0,0
29,235,2995,406,0,0
29,235,2995,406,0,0
29,235,2995,406,0,0
29,235,2995,406,0,0
29,235,2995,406,0,0
29,235,2995,406,0,0
29,235,2995,406,0,0
29,235,2995,406,0,0
29,235,2995,406,1,0
29,235,2995,406,0,0
29,235,2995,406,0,0
29,235,2995,406,0,0
29,235,2995,406,0,0
29,235,2995,406,0,0
29,235,2995,406,1,0
29,235,2995,406,0,0
29,235,2995,406,0,0
29,235,2995,406,1,0
29,235,2995,406,0,0
29,235,2995,406,0,0
245,444,4144,8904,0,0
245,444,4144,8904,0,0
245,444,4144,8904,0,13
245,444,4144,8904,0,7606
245,444,4144,8904,0,12
245,444,4144,8904,0,0
245,444,4144,8904,0,0
245,444,4144,8904,0,133
245,444,4144,8904,0,0
245,444,4144,8904,0,4184
245,444,4144,8904,0,0
245,444,4144,8904,0,140
245,444,4144,8904,0,6713
245,444,4144,8904,0,0
245,444,4144,8904,0,8
245,444,4144,8904,0,0
245,444,4144,8904,1,1
245,444,4144,8904,0,0
245,444,4144,8904,0,498
245,444,4144,8904,0,0
309,451,1541,1370,10,0
309,451,1541,1370,0,182
309,451,1541,1370,0,0
309,451,1541,1370,0,104
309,451,1541,1370,0,0
309,451,1541,1370,1,0
309,451,1541,1370,0,0
309,451,1541,1370,0,0
309,451,1541,1370,0,92
309,451,1541,1370,0,351
309,451,1541,1370,0,238
309,451,1541,1370,0,412
309,451,1541,1370,1,0
309,451,1541,1370,0,795
309,451,1541,1370,0,951
309,451,1541,1370,0,1777
309,451,1541,1370,0,0
309,451,1541,1370,2,1
309,451,1541,1370,0,0
309,451,1541,1370,1,0
6,114,478,387,1,0
6,114,478,387,0,63
6,114,478,387,0,0
6,114,478,387,0,16
6,114,478,387,0,688
6,114,478,387,0,203
6,114,478,387,0,0
6,114,478,387,0,1911
6,114,478,387,2,0
6,114,478,387,2,0
6,114,478,387,0,0
6,114,478,387,0,0
6,114,478,387,0,1
6,114,478,387,0,21
6,114,478,387,1,0
6,114,478,387,0,3072
6,114,478,387,0,285
6,114,478,387,0,76
6,114,478,387,0,644
6,114,478,387,0,217
84,22,25694,5818,3,0
84,22,25694,5818,6,0
84,22,25694,5818,1,0
84,22,25694,5818,1,0
84,22,25694,5818,0,0
84,22,25694,5818,0,0
84,22,25694,5818,0,0
84,22,25694,5818,0,0
84,22,25694,5818,0,0
84,22,25694,5818,0,0
84,22,25694,5818,0,0
84,22,25694,5818,0,0
84,22,25694,5818,0,0
84,22,25694,5818,0,0
84,22,25694,5818,0,0
84,22,25694,5818,0,0
84,22,25694,5818,0,0
84,22,25694,5818,0,0
84,22,25694,5818,0,0
84,22,25694,5818,0,0
0,1,29,34,0,0
0,1,29,34,2,0
0,1,29,34,1,0
0,1,29,34,1,0
0,1,29,34,0,0
0,1,29,34,0,0
0,1,29,34,0,0
0,1,29,34,0,0
0,1,29,34,1,0
0,1,29,34,0,0
0,1,29,34,0,0
0,1,29,34,0,0
0,1,29,34,0,0
0,1,29,34,3,0
0,1,29,34,1,1
0,1,29,34,0,0
0,1,29,34,10,0
0,1,29,34,2,0
0,1,29,34,1,0
0,1,29,34,0,0
6,53,256,198,6,0
6,53,256,198,0,357
6,53,256,198,4,0
6,53,256,198,5,0
6,53,256,198,0,0
6,53,256,198,4,0
6,53,256,198,2,0
6,53,256,198,2,0
6,53,256,198,2,0
6,53,256,198,1,0
6,53,256,198,0,0
6,53,256,198,4,0
6,53,256,198,1,0
6,53,256,198,1,0
6,53,256,198,0,40059
6,53,256,198,0,19
6,53,256,198,0,1995
6,53,256,198,0,0
6,53,256,198,0,0
6,53,256,198,0,0
27,48,220,344,0,0
27,48,220,344,4,0
27,48,220,344,0,0
27,48,220,344,0,4
27,48,220,344,0,0
27,48,220,344,0,0
27,48,220,344,0,0
27,48,220,344,0,0
27,48,220,344,2,0
27,48,220,344,16,0
27,48,220,344,3,0
27,48,220,344,2,0
27,48,220,344,0,1333
27,48,220,344,0,12
27,48,220,344,0,0
27,48,220,344,0,0
27,48,220,344,0,0
27,48,220,344,0,211
27,48,220,344,1,0
27,48,220,344,6,0
15,22,3973,3726,0,0
15,22,3973,3726,3,0
15,22,3973,3726,2,0
15,22,3973,3726,0,0
15,22,3973,3726,0,0
15,22,3973,3726,0,0
15,22,3973,3726,0,0
15,22,3973,3726,2,0
15,22,3973,3726,2,0
15,22,3973,3726,0,0
15,22,3973,3726,1,0
15,22,3973,3726,3,0
15,22,3973,3726,0,0
15,22,3973,3726,0,0
15,22,3973,3726,2,0
15,22,3973,3726,3,0
15,22,3973,3726,15,1
15,22,3973,3726,0,0
15,22,3973,3726,0,0
15,22,3973,3726,0,0
222,109,10806,23584,1,0
222,109,10806,23584,1,0
222,109,10806,23584,1,0
222,109,10806,23584,0,562
222,109,10806,23584,0,0
222,109,10806,23584,0,0
222,109,10806,23584,0,1320
222,109,10806,23584,0,557
222,109,10806,23584,0,23
222,109,10806,23584,0,0
222,109,10806,23584,0,0
222,109,10806,23584,0,2
222,109,10806,23584,0,1507
222,109,10806,23584,12,0
222,109,10806,23584,0,0
222,109,10806,23584,0,11585
222,109,10806,23584,0,0
222,109,10806,23584,0,18
222,109,10806,23584,1,0
222,109,10806,23584,0,660
72,174,4667,606,0,0
72,174,4667,606,0,0
72,174,4667,606,1,0
72,174,4667,606,1,0
72,174,4667,606,0,0
72,174,4667,606,0,0
72,174,4667,606,0,0
72,174,4667,606,0,0
72,174,4667,606,0,0
72,174,4667,606,4,0
72,174,4667,606,3,0
72,174,4667,606,2,0
72,174,4667,606,32,0
72,174,4667,606,3,0
72,174,4667,606,2,0
72,174,4667,606,88,2
72,174,4667,606,2,0
72,174,4667,606,3,0
72,174,4667,606,10,0
72,174,4667,606,1,0
710,858,59613,25447,0,0
710,858,59613,25447,0,111
710,858,59613,25447,8,0
710,858,59613,25447,9,2
710,858,59613,25447,0,92
710,858,59613,25447,4,0
710,858,59613,25447,15,0
710,858,59613,25447,13,1
710,858,59613,25447,0,0
710,858,59613,25447,0,2
710,858,59613,25447,0,1
710,858,59613,25447,2,0
710,858,59613,25447,0,3
710,858,59613,25447,0,223
710,858,59613,25447,0,495
710,858,59613,25447,0,1
710,858,59613,25447,0,16
710,858,59613,25447,0,764
710,858,59613,25447,1,0
710,858,59613,25447,0,8
633,692,12720,6104,10,0
633,692,12720,6104,0,0
633,692,12720,6104,0,0
633,692,12720,6104,1,0
633,692,12720,6104,0,0
633,692,12720,6104,1,0
633,692,12720,6104,0,0
633,692,12720,6104,1,0
633,692,12720,6104,0,0
633,692,12720,6104,0,0
633,692,12720,6104,0,0
633,692,12720,6104,0,0
633,692,12720,6104,4,0
633,692,12720,6104,2,0
633,692,12720,6104,1,0
633,692,12720,6104,5,0
633,692,12720,6104,0,0
633,692,12720,6104,5,0
633,692,12720,6104,1,0
633,692,12720,6104,0,0
187,541,1616,2822,7,0
187,541,1616,2822,1,0
187,541,1616,2822,0,0
187,541,1616,2822,0,791
187,541,1616,2822,0,0
187,541,1616,2822,0,0
187,541,1616,2822,0,0
187,541,1616,2822,0,5
187,541,1616,2822,0,0
187,541,1616,2822,1,0
187,541,1616,2822,0,0
187,541,1616,2822,0,0
187,541,1616,2822,0,0
187,541,1616,2822,1,0
187,541,1616,2822,0,0
187,541,1616,2822,1,0
187,541,1616,2822,1,0
187,541,1616,2822,0,0
187,541,1616,2822,0,0
187,541,1616,2822,3,0
124,206,2421,1899,0,0
124,206,2421,1899,0,0
124,206,2421,1899,0,0
124,206,2421,1899,0,0
124,206,2421,1899,0,0
124,206,2421,1899,0,0
124,206,2421,1899,1,0
124,206,2421,1899,0,0
124,206,2421,1899,0,0
124,206,2421,1899,1,0
124,206,2421,1899,0,0
124,206,2421,1899,3,0
124,206,2421,1899,3,1
124,206,2421,1899,0,0
124,206,2421,1899,0,0
124,206,2421,1899,1,0
124,206,2421,1899,0,0
124,206,2421,1899,0,0
124,206,2421,1899,0,0
124,206,2421,1899,0,0
10,6,23,2502,6,0
10,6,23,2502,0,0
10,6,23,2502,0,0
10,6,23,2502,0,0
10,6,23,2502,1,0
10,6,23,2502,0,0
10,6,23,2502,0,0
10,6,23,2502,0,0
10,6,23,2502,0,0
10,6,23,2502,0,0
10,6,23,2502,0,0
10,6,23,2502,3,1
10,6,23,2502,1,0
10,6,23,2502,0,0
10,6,23,2502,0,0
10,6,23,2502,0,0
10,6,23,2502,0,0
10,6,23,2502,0,0
10,6,23,2502,0,0
10,6,23,2502,0,0
109,150,1328,2000,0,0
109,150,1328,2000,0,0
109,150,1328,2000,1,0
109,150,1328,2000,0,0
109,150,1328,2000,0,0
109,150,1328,2000,3,0
109,150,1328,2000,9,3
109,150,1328,2000,0,0
109,150,1328,2000,6,0
109,150,1328,2000,0,0
109,150,1328,2000,0,0
109,150,1328,2000,2,1
109,150,1328,2000,0,0
109,150,1328,2000,0,0
109,150,1328,2000,5,0
109,150,1328,2000,0,0
109,150,1328,2000,6,0
109,150,1328,2000,0,0
109,150,1328,2000,0,0
109,150,1328,2000,4,0
1038,1252,17227,3634,0,0
1038,1252,17227,3634,0,0
1038,1252,17227,3634,16,0
1038,1252,17227,3634,14,2
1038,1252,17227,3634,0,0
1038,1252,17227,3634,0,0
1038,1252,17227,3634,3,0
1038,1252,17227,3634,0,0
1038,1252,17227,3634,1,0
1038,1252,17227,3634,1,0
1038,1252,17227,3634,0,0
1038,1252,17227,3634,1,0
1038,1252,17227,3634,1,0
1038,1252,17227,3634,1,0
1038,1252,17227,3634,6,1
1038,1252,17227,3634,1,0
1038,1252,17227,3634,0,0
1038,1252,17227,3634,0,0
1038,1252,17227,3634,0,0
1038,1252,17227,3634,0,0
318,50,37260,11798,0,0
318,50,37260,11798,0,0
318,50,37260,11798,4,0
318,50,37260,11798,0,0
318,50,37260,11798,0,0
318,50,37260,11798,0,0
318,50,37260,11798,1,0
318,50,37260,11798,0,0
318,50,37260,11798,4,0
318,50,37260,11798,6,0
318,50,37260,11798,9,0
318,50,37260,11798,1,0
318,50,37260,11798,3,0
318,50,37260,11798,3,1
318,50,37260,11798,0,0
318,50,37260,11798,0,0
318,50,37260,11798,0,0
318,50,37260,11798,1,0
318,50,37260,11798,2,0
318,50,37260,11798,2,0
71,138,294,3956,0,0
71,138,294,3956,0,0
71,138,294,3956,0,0
71,138,294,3956,0,0
71,138,294,3956,0,0
71,138,294,3956,1,0
71,138,294,3956,0,0
71,138,294,3956,0,0
71,138,294,3956,0,0
71,138,294,3956,1,0
71,138,294,3956,0,0
71,138,294,3956,2,0
71,138,294,3956,2,0
71,138,294,3956,1,0
71,138,294,3956,3,0
71,138,294,3956,1,0
71,138,294,3956,2,0
71,138,294,3956,2,0
71,138,294,3956,3,0
71,138,294,3956,0,0
7,58,396,578,6,0
7,58,396,578,0,0
7,58,396,578,0,0
7,58,396,578,0,0
7,58,396,578,0,0
7,58,396,578,0,14
7,58,396,578,1,0
7,58,396,578,0,0
7,58,396,578,1,0
7,58,396,578,1,0
7,58,396,578,1,0
7,58,396,578,0,0
7,58,396,578,0,0
7,58,396,578,1,0
7,58,396,578,0,0
7,58,396,578,2,0
7,58,396,578,1,0
7,58,396,578,0,0
7,58,396,578,0,0
7,58,396,578,1,0
68,119,2664,1977,0,0
68,119,2664,1977,8,0
68,119,2664,1977,0,0
68,119,2664,1977,27,0
68,119,2664,1977,0,171
68,119,2664,1977,0,0
68,119,2664,1977,0,0
68,119,2664,1977,0,0
68,119,2664,1977,1,0
68,119,2664,1977,1,0
68,119,2664,1977,1,0
68,119,2664,1977,0,0
68,119,2664,1977,1,0
68,119,2664,1977,0,0
68,119,2664,1977,3,0
68,119,2664,1977,0,0
68,119,2664,1977,0,0
68,119,2664,1977,0,0
68,119,2664,1977,0,0
68,119,2664,1977,0,0
32,182,578,3675,0,0
32,182,578,3675,0,0
32,182,578,3675,0,0
32,182,578,3675,5,0
32,182,578,3675,1,0
32,182,578,3675,0,0
32,182,578,3675,0,0
32,182,578,3675,0,0
32,182,578,3675,0,0
32,182,578,3675,1,0
32,182,578,3675,0,0
32,182,578,3675,0,4
32,182,578,3675,0,0
32,182,578,3675,0,58
32,182,578,3675,0,0
32,182,578,3675,0,0
32,182,578,3675,0,0
32,182,578,3675,0,0
32,182,578,3675,6,1
32,182,578,3675,0,0
235,434,4140,7005,2,0
235,434,4140,7005,0,0
235,434,4140,7005,0,0
235,434,4140,7005,0,0
235,434,4140,7005,0,0
235,434,4140,7005,5,0
235,434,4140,7005,1,0
235,434,4140,7005,1,0
235,434,4140,7005,14,4
235,434,4140,7005,0,36
235,434,4140,7005,0,19
235,434,4140,7005,7,1
235,434,4140,7005,6,5
235,434,4140,7005,0,0
235,434,4140,7005,0,29
235,434,4140,7005,0,0
235,434,4140,7005,3,0
235,434,4140,7005,1,0
235,434,4140,7005,3,0
235,434,4140,7005,0,807
8,34,285,370,0,0
8,34,285,370,3,0
8,34,285,370,4,0
8,34,285,370,0,0
8,34,285,370,5,0
8,34,285,370,2,0
8,34,285,370,0,0
8,34,285,370,0,0
8,34,285,370,0,0
8,34,285,370,3,1
8,34,285,370,0,0
8,34,285,370,2,0
8,34,285,370,0,0
8,34,285,370,52,9
8,34,285,370,5,1
8,34,285,370,0,0
8,34,285,370,3,0
8,34,285,370,0,0
8,34,285,370,0,0
8,34,285,370,6,0
103,1033,3423,516,0,743
103,1033,3423,516,0,0
103,1033,3423,516,3,0
103,1033,3423,516,0,154
103,1033,3423,516,0,124
103,1033,3423,516,0,661
103,1033,3423,516,0,559
103,1033,3423,516,0,711
103,1033,3423,516,0,782
103,1033,3423,516,0,590
103,1033,3423,516,0,2626
103,1033,3423,516,0,30
103,1033,3423,516,0,102
103,1033,3423,516,0,375
103,1033,3423,516,0,0
103,1033,3423,516,0,442
103,1033,3423,516,0,426
103,1033,3423,516,0,908
103,1033,3423,516,0,926
103,1033,3423,516,0,390
113,341,2780,1147,3,0
113,341,2780,1147,1,0
113,341,2780,1147,0,0
113,341,2780,1147,0,68
113,341,2780,1147,0,0
113,341,2780,1147,0,0
113,341,2780,1147,0,62
113,341,2780,1147,0,53
113,341,2780,1147,0,0
113,341,2780,1147,0,0
113,341,2780,1147,0,0
113,341,2780,1147,2,0
113,341,2780,1147,0,0
113,341,2780,1147,1,0
113,341,2780,1147,0,835
113,341,2780,1147,0,0
113,341,2780,1147,0,0
113,341,2780,1147,0,0
113,341,2780,1147,1,0
113,341,2780,1147,0,0
2819,3114,29060,51263,0,0
2819,3114,29060,51263,0,183
2819,3114,29060,51263,0,0
2819,3114,29060,51263,0,0
2819,3114,29060,51263,0,1088
2819,3114,29060,51263,1,1
2819,3114,29060,51263,0,153
2819,3114,29060,51263,2,0
2819,3114,29060,51263,0,236
2819,3114,29060,51263,0,84
2819,3114,29060,51263,0,0
2819,3114,29060,51263,0,3131
2819,3114,29060,51263,2,0
2819,3114,29060,51263,0,91
2819,3114,29060,51263,0,652
2819,3114,29060,51263,11,0
2819,3114,29060,51263,0,0
2819,3114,29060,51263,8,3
2819,3114,29060,51263,3,0
2819,3114,29060,51263,7,0
240,160,9084,19765,0,159
240,160,9084,19765,1,0
240,160,9084,19765,0,0
240,160,9084,19765,0,0
240,160,9084,19765,1,0
240,160,9084,19765,0,1093
240,160,9084,19765,0,0
240,160,9084,19765,0,474
240,160,9084,19765,0,0
240,160,9084,19765,0,0
240,160,9084,19765,0,0
240,160,9084,19765,0,94
240,160,9084,19765,0,0
240,160,9084,19765,0,2914
240,160,9084,19765,1,0
240,160,9084,19765,0,735
240,160,9084,19765,0,0
240,160,9084,19765,0,52
240,160,9084,19765,0,170
240,160,9084,19765,0,1003
37,402,6532,2845,2,0
37,402,6532,2845,1,0
37,402,6532,2845,0,0
37,402,6532,2845,0,0
37,402,6532,2845,0,0
37,402,6532,2845,0,0
37,402,6532,2845,0,0
37,402,6532,2845,0,0
37,402,6532,2845,0,0
37,402,6532,2845,0,0
37,402,6532,2845,0,0
37,402,6532,2845,0,0
37,402,6532,2845,0,0
37,402,6532,2845,1,0
37,402,6532,2845,0,0
37,402,6532,2845,0,0
37,402,6532,2845,0,0
37,402,6532,2845,2,0
37,402,6532,2845,0,0
37,402,6532,2845,1,0
600,2515,6421,6134,2,0
600,2515,6421,6134,0,0
600,2515,6421,6134,0,0
600,2515,6421,6134,0,30
600,2515,6421,6134,0,5
600,2515,6421,6134,0,0
600,2515,6421,6134,0,0
600,2515,6421,6134,0,0
600,2515,6421,6134,0,0
600,2515,6421,6134,0,13
600,2515,6421,6134,0,0
600,2515,6421,6134,0,92
600,2515,6421,6134,0,0
600,2515,6421,6134,0,0
600,2515,6421,6134,0,0
600,2515,6421,6134,0,0
600,2515,6421,6134,0,0
600,2515,6421,6134,0,2646
600,2515,6421,6134,0,1401
600,2515,6421,6134,0,0
668,601,15286,7947,1,0
668,601,15286,7947,0,0
668,601,15286,7947,5,0
668,601,15286,7947,1,0
668,601,15286,7947,0,0
668,601,15286,7947,0,0
668,601,15286,7947,0,731
668,601,15286,7947,0,0
668,601,15286,7947,0,0
668,601,15286,7947,0,0
668,601,15286,7947,0,173
668,601,15286,7947,0,0
668,601,15286,7947,0,0
668,601,15286,7947,1,0
668,601,15286,7947,0,0
668,601,15286,7947,0,0
668,601,15286,7947,0,0
668,601,15286,7947,0,0
668,601,15286,7947,0,1
668,601,15286,7947,0,0
137,443,17461,18468,0,0
137,443,17461,18468,0,1
137,443,17461,18468,0,0
137,443,17461,18468,0,0
137,443,17461,18468,0,49
137,443,17461,18468,0,0
137,443,17461,18468,0,3
137,443,17461,18468,2,1
137,443,17461,18468,0,12
137,443,17461,18468,1,0
137,443,17461,18468,0,0
137,443,17461,18468,0,3
137,443,17461,18468,0,1
137,443,17461,18468,0,0
137,443,17461,18468,2,2
137,443,17461,18468,2,0
137,443,17461,18468,0,175
137,443,17461,18468,7,2
137,443,17461,18468,0,2
137,443,17461,18468,1,0
491,230,25052,94460,0,34
491,230,25052,94460,0,0
491,230,25052,94460,1,0
491,230,25052,94460,0,2
491,230,25052,94460,0,5
491,230,25052,94460,0,169
491,230,25052,94460,8,0
491,230,25052,94460,2,0
491,230,25052,94460,0,5
491,230,25052,94460,0,0
491,230,25052,94460,1,0
491,230,25052,94460,0,0
491,230,25052,94460,0,104
491,230,25052,94460,0,34
491,230,25052,94460,0,0
491,230,25052,94460,0,367
491,230,25052,94460,2,0
491,230,25052,94460,0,11
491,230,25052,94460,0,0
491,230,25052,94460,0,1
29,224,3403,559,0,0
29,224,3403,559,2,0
29,224,3403,559,0,0
29,224,3403,559,1,0
29,224,3403,559,0,0
29,224,3403,559,0,0
29,224,3403,559,2,0
29,224,3403,559,0,0
29,224,3403,559,2,0
29,224,3403,559,1,0
29,224,3403,559,1,0
29,224,3403,559,0,0
29,224,3403,559,0,0
29,224,3403,559,0,0
29,224,3403,559,0,0
29,224,3403,559,1,0
29,224,3403,559,1,0
29,224,3403,559,0,0
29,224,3403,559,0,0
29,224,3403,559,1,0
37,131,406,107,8,0
37,131,406,107,0,0
37,131,406,107,1,0
37,131,406,107,0,0
37,131,406,107,0,0
37,131,406,107,0,0
37,131,406,107,0,0
37,131,406,107,1,0
37,131,406,107,1,0
37,131,406,107,2,0
37,131,406,107,1,0
37,131,406,107,0,0
37,131,406,107,0,0
37,131,406,107,0,111
37,131,406,107,0,0
37,131,406,107,0,0
37,131,406,107,0,0
37,131,406,107,0,0
37,131,406,107,0,0
37,131,406,107,0,0
112,118,5691,7187,0,0
112,118,5691,7187,1,0
112,118,5691,7187,0,0
112,118,5691,7187,0,0
112,118,5691,7187,1,0
112,118,5691,7187,1,0
112,118,5691,7187,1,0
112,118,5691,7187,0,0
112,118,5691,7187,0,0
112,118,5691,7187,0,0
112,118,5691,7187,0,0
112,118,5691,7187,0,0
112,118,5691,7187,0,0
112,118,5691,7187,1,0
112,118,5691,7187,6,0
112,118,5691,7187,0,0
112,118,5691,7187,2,0
112,118,5691,7187,0,0
112,118,5691,7187,0,0
112,118,5691,7187,0,0
8,57,597,13,6,0
8,57,597,13,0,57
8,57,597,13,0,1012
8,57,597,13,0,286
8,57,597,13,0,533
8,57,597,13,0,33
8,57,597,13,0,0
8,57,597,13,0,2927
8,57,597,13,6,1
8,57,597,13,0,11
8,57,597,13,5,0
8,57,597,13,0,125
8,57,597,13,0,223
117,178,8674,11861,0,0
117,178,8674,11861,0,0
117,178,8674,11861,0,0
117,178,8674,11861,0,0
117,178,8674,11861,0,0
117,178,8674,11861,0,0
117,178,8674,11861,2,0
117,178,8674,11861,3,0
117,178,8674,11861,1,0
117,178,8674,11861,0,0
117,178,8674,11861,0,0
117,178,8674,11861,0,0
117,178,8674,11861,0,0
117,178,8674,11861,1,0
117,178,8674,11861,0,0
117,178,8674,11861,0,0
117,178,8674,11861,1,0
117,178,8674,11861,1,0
117,178,8674,11861,0,0
117,178,8674,11861,0,0
50,82,275,859,1,0
50,82,275,859,2,0
50,82,275,859,3,0
50,82,275,859,3,0
50,82,275,859,0,0
50,82,275,859,1,0
50,82,275,859,0,0
50,82,275,859,1,0
50,82,275,859,4,0
50,82,275,859,0,139088
50,82,275,859,0,0
50,82,275,859,0,42574
50,82,275,859,0,0
50,82,275,859,0,107703
50,82,275,859,0,0
50,82,275,859,0,0
50,82,275,859,2,1
50,82,275,859,2,0
50,82,275,859,0,13691
50,82,275,859,0,30
645,1439,10780,4901,0,0
645,1439,10780,4901,0,0
645,1439,10780,4901,0,0
645,1439,10780,4901,1,0
645,1439,10780,4901,0,36
645,1439,10780,4901,0,0
645,1439,10780,4901,0,0
645,1439,10780,4901,0,0
645,1439,10780,4901,0,0
645,1439,10780,4901,0,0
645,1439,10780,4901,0,0
645,1439,10780,4901,0,0
645,1439,10780,4901,0,0
645,1439,10780,4901,0,0
645,1439,10780,4901,0,0
645,1439,10780,4901,3,1
645,1439,10780,4901,0,0
645,1439,10780,4901,4,0
645,1439,10780,4901,2,1
645,1439,10780,4901,0,0
487,767,721,13053,1,0
487,767,721,13053,1,0
487,767,721,13053,0,111
487,767,721,13053,0,0
487,767,721,13053,0,149
487,767,721,13053,0,13158
487,767,721,13053,3,0
487,767,721,13053,0,0
487,767,721,13053,0,0
487,767,721,13053,3,0
487,767,721,13053,0,0
487,767,721,13053,1,0
487,767,721,13053,0,3
487,767,721,13053,0,11
487,767,721,13053,0,0
487,767,721,13053,0,0
487,767,721,13053,2,0
487,767,721,13053,0,0
487,767,721,13053,0,752
487,767,721,13053,1,3
27,34,311,1592,0,0
27,34,311,1592,1,0
27,34,311,1592,0,0
27,34,311,1592,0,0
27,34,311,1592,0,0
27,34,311,1592,4,0
27,34,311,1592,2,0
27,34,311,1592,0,249
27,34,311,1592,0,0
27,34,311,1592,0,0
27,34,311,1592,0,0
27,34,311,1592,4,0
27,34,311,1592,0,0
27,34,311,1592,2,0
27,34,311,1592,5,0
27,34,311,1592,5,1
27,34,311,1592,0,0
27,34,311,1592,1,0
27,34,311,1592,0,0
27,34,311,1592,0,0
299,543,2161,1912,0,0
299,543,2161,1912,0,1
299,543,2161,1912,0,0
299,543,2161,1912,1,0
299,543,2161,1912,0,0
299,543,2161,1912,2,0
299,543,2161,1912,3,0
299,543,2161,1912,4,0
299,543,2161,1912,0,0
299,543,2161,1912,0,0
299,543,2161,1912,0,0
299,543,2161,1912,0,0
299,543,2161,1912,1,0
299,543,2161,1912,1,0
299,543,2161,1912,0,0
299,543,2161,1912,0,0
299,543,2161,1912,2,0
299,543,2161,1912,1,0
299,543,2161,1912,3,1
299,543,2161,1912,0,0
90,253,10774,8512,0,20
90,253,10774,8512,0,0
90,253,10774,8512,0,67
90,253,10774,8512,0,16
90,253,10774,8512,0,61
90,253,10774,8512,0,282
90,253,10774,8512,0,0
90,253,10774,8512,0,8
90,253,10774,8512,0,936
90,253,10774,8512,0,132
90,253,10774,8512,0,46
90,253,10774,8512,0,7
90,253,10774,8512,0,0
90,253,10774,8512,0,626
90,253,10774,8512,0,874
90,253,10774,8512,0,106
90,253,10774,8512,0,1136
90,253,10774,8512,0,1539
90,253,10774,8512,1,0
90,253,10774,8512,0,500
203,195,1272,1368,0,0
203,195,1272,1368,0,0
203,195,1272,1368,0,131
203,195,1272,1368,1,0
203,195,1272,1368,0,725
203,195,1272,1368,0,729
203,195,1272,1368,0,540
203,195,1272,1368,0,329
203,195,1272,1368,0,384
203,195,1272,1368,0,442
203,195,1272,1368,0,456
203,195,1272,1368,0,423
203,195,1272,1368,0,308
203,195,1272,1368,0,304
203,195,1272,1368,0,296
203,195,1272,1368,0,0
203,195,1272,1368,0,307
203,195,1272,1368,0,115
203,195,1272,1368,0,49
203,195,1272,1368,0,8310
177,178,2389,8880,0,0
177,178,2389,8880,4,0
177,178,2389,8880,0,0
177,178,2389,8880,0,0
177,178,2389,8880,1,0
177,178,2389,8880,0,0
177,178,2389,8880,0,0
177,178,2389,8880,2,0
177,178,2389,8880,1,1
177,178,2389,8880,0,0
177,178,2389,8880,2,1
177,178,2389,8880,1,0
177,178,2389,8880,4,0
177,178,2389,8880,0,0
177,178,2389,8880,0,0
177,178,2389,8880,0,0
177,178,2389,8880,4,0
177,178,2389,8880,0,0
177,178,2389,8880,1,0
177,178,2389,8880,0,0
365,647,17453,11549,0,0
365,647,17453,11549,0,0
365,647,17453,11549,0,0
365,647,17453,11549,0,0
365,647,17453,11549,0,11194
365,647,17453,11549,0,0
365,647,17453,11549,1,0
365,647,17453,11549,0,0
365,647,17453,11549,0,0
365,647,17453,11549,2,0
365,647,17453,11549,4,0
365,647,17453,11549,0,0
365,647,17453,11549,0,0
365,647,17453,11549,2,0
365,647,17453,11549,0,0
365,647,17453,11549,2,0
365,647,17453,11549,2,0
365,647,17453,11549,3,0
365,647,17453,11549,0,0
365,647,17453,11549,3,0
46,174,445,2115,0,0
46,174,445,2115,0,0
46,174,445,2115,0,0
46,174,445,2115,0,0
46,174,445,2115,0,0
46,174,445,2115,0,0
46,174,445,2115,0,0
46,174,445,2115,0,0
46,174,445,2115,0,0
46,174,445,2115,0,0
46,174,445,2115,3,0
46,174,445,2115,15,0
46,174,445,2115,0,0
46,174,445,2115,23,1
46,174,445,2115,0,0
46,174,445,2115,0,0
46,174,445,2115,0,0
46,174,445,2115,2,0
46,174,445,2115,3,0
46,174,445,2115,0,8441
160,605,8736,4264,0,0
160,605,8736,4264,0,0
160,605,8736,4264,0,0
160,605,8736,4264,0,0
160,605,8736,4264,0,0
160,605,8736,4264,1,0
160,605,8736,4264,26,1
160,605,8736,4264,1,0
160,605,8736,4264,0,0
160,605,8736,4264,2,0
160,605,8736,4264,2,0
160,605,8736,4264,0,0
160,605,8736,4264,0,0
160,605,8736,4264,1,0
160,605,8736,4264,0,275
160,605,8736,4264,4,3
160,605,8736,4264,9,0
160,605,8736,4264,0,0
160,605,8736,4264,0,0
160,605,8736,4264,0,0
460,257,62392,27591,0,240
460,257,62392,27591,0,19
460,257,62392,27591,0,110
460,257,62392,27591,0,9
460,257,62392,27591,0,11
460,257,62392,27591,0,3
460,257,62392,27591,0,3
460,257,62392,27591,0,28
460,257,62392,27591,0,93
460,257,62392,27591,0,6
460,257,62392,27591,0,5
460,257,62392,27591,0,144
460,257,62392,27591,0,101
460,257,62392,27591,0,2
460,257,62392,27591,0,4
460,257,62392,27591,0,26
460,257,62392,27591,0,13
460,257,62392,27591,0,1
460,257,62392,27591,0,35
460,257,62392,27591,0,179
26,77,631,65,11,1
26,77,631,65,3,0
26,77,631,65,0,0
26,77,631,65,1,0
26,77,631,65,0,0
26,77,631,65,0,0
26,77,631,65,0,0
26,77,631,65,2,0
26,77,631,65,1,0
26,77,631,65,0,0
26,77,631,65,0,0
26,77,631,65,0,0
26,77,631,65,0,1
26,77,631,65,0,97
26,77,631,65,0,0
26,77,631,65,0,0
26,77,631,65,0,0
26,77,631,65,1,0
26,77,631,65,0,9
26,77,631,65,0,4
48,84,476,2904,4,1
48,84,476,2904,0,0
48,84,476,2904,2,0
48,84,476,2904,0,0
48,84,476,2904,0,0
48,84,476,2904,0,0
48,84,476,2904,8,0
48,84,476,2904,0,0
48,84,476,2904,2,0
48,84,476,2904,0,0
48,84,476,2904,0,0
48,84,476,2904,1,0
48,84,476,2904,3,0
48,84,476,2904,16,38
48,84,476,2904,7,0
48,84,476,2904,1,0
48,84,476,2904,0,0
48,84,476,2904,0,0
48,84,476,2904,2,0
48,84,476,2904,1,0
263,144,48252,16126,0,100
263,144,48252,16126,0,0
263,144,48252,16126,1,0
263,144,48252,16126,0,290
263,144,48252,16126,0,1
263,144,48252,16126,0,1
263,144,48252,16126,4,0
263,144,48252,16126,1,0
263,144,48252,16126,0,2
263,144,48252,16126,0,174
263,144,48252,16126,0,18
263,144,48252,16126,0,1
263,144,48252,16126,1,0
263,144,48252,16126,0,34
263,144,48252,16126,0,2
263,144,48252,16126,0,117
263,144,48252,16126,0,27
263,144,48252,16126,0,21
263,144,48252,16126,0,82
263,144,48252,16126,1,0
821,789,16926,29944,0,122
821,789,16926,29944,0,0
821,789,16926,29944,0,11
821,789,16926,29944,0,0
821,789,16926,29944,0,0
821,789,16926,29944,0,6
821,789,16926,29944,0,1739
821,789,16926,29944,0,3
821,789,16926,29944,0,0
821,789,16926,29944,0,0
821,789,16926,29944,0,0
821,789,16926,29944,3,2
821,789,16926,29944,0,0
821,789,16926,29944,0,117
821,789,16926,29944,0,0
821,789,16926,29944,0,139
821,789,16926,29944,0,1
821,789,16926,29944,0,328
821,789,16926,29944,2,2
821,789,16926,29944,0,0
6666,3943,14600,9692,3,0
6666,3943,14600,9692,1,0
6666,3943,14600,9692,2,0
6666,3943,14600,9692,0,0
6666,3943,14600,9692,1,0
6666,3943,14600,9692,27,1
6666,3943,14600,9692,125,14
6666,3943,14600,9692,0,0
6666,3943,14600,9692,1,0
6666,3943,14600,9692,1,0
6666,3943,14600,9692,0,0
6666,3943,14600,9692,155,17
6666,3943,14600,9692,0,0
6666,3943,14600,9692,12,0
6666,3943,14600,9692,3,0
6666,3943,14600,9692,0,58595
6666,3943,14600,9692,2,0
6666,3943,14600,9692,10,0
6666,3943,14600,9692,0,0
6666,3943,14600,9692,0,0
171,189,3812,1498,6,0
171,189,3812,1498,0,0
171,189,3812,1498,0,309
171,189,3812,1498,0,3147
171,189,3812,1498,0,5
171,189,3812,1498,0,272
171,189,3812,1498,0,13396
171,189,3812,1498,0,155
171,189,3812,1498,0,104
171,189,3812,1498,0,5134
171,189,3812,1498,0,2125
171,189,3812,1498,3,1
171,189,3812,1498,0,89
171,189,3812,1498,3,0
171,189,3812,1498,0,8364
171,189,3812,1498,1,1
171,189,3812,1498,0,3481
171,189,3812,1498,0,249
171,189,3812,1498,0,434
171,189,3812,1498,0,184
43,97,1359,508,4,0
43,97,1359,508,0,0
43,97,1359,508,0,38
43,97,1359,508,0,0
43,97,1359,508,0,473
43,97,1359,508,0,0
43,97,1359,508,0,2233
43,97,1359,508,0,1079
43,97,1359,508,1,0
43,97,1359,508,1,0
43,97,1359,508,0,2848
43,97,1359,508,0,237
43,97,1359,508,1,0
43,97,1359,508,0,5
43,97,1359,508,0,86
43,97,1359,508,0,8
43,97,1359,508,1,0
43,97,1359,508,0,0
43,97,1359,508,0,1034
43,97,1359,508,2,0
182,134,6338,6820,0,0
182,134,6338,6820,0,0
182,134,6338,6820,0,0
182,134,6338,6820,0,0
182,134,6338,6820,5,0
182,134,6338,6820,0,0
182,134,6338,6820,0,0
182,134,6338,6820,0,0
182,134,6338,6820,0,0
182,134,6338,6820,0,0
182,134,6338,6820,0,0
182,134,6338,6820,0,0
182,134,6338,6820,0,0
182,134,6338,6820,0,0
182,134,6338,6820,0,0
182,134,6338,6820,0,0
182,134,6338,6820,0,0
182,134,6338,6820,0,0
182,134,6338,6820,0,0
182,134,6338,6820,1,0
1984,3570,105381,49229,1,0
1984,3570,105381,49229,0,34
1984,3570,105381,49229,0,30
1984,3570,105381,49229,0,31
1984,3570,105381,49229,0,58
1984,3570,105381,49229,0,24
1984,3570,105381,49229,2,1
1984,3570,105381,49229,0,85
1984,3570,105381,49229,0,0
1984,3570,105381,49229,0,0
1984,3570,105381,49229,0,16
1984,3570,105381,49229,0,19
1984,3570,105381,49229,0,2072
1984,3570,105381,49229,2,3
1984,3570,105381,49229,1,0
1984,3570,105381,49229,0,29
1984,3570,105381,49229,0,10
1984,3570,105381,49229,0,2
1984,3570,105381,49229,0,2
1984,3570,105381,49229,0,3
1259,903,39096,154363,0,22
1259,903,39096,154363,0,89
1259,903,39096,154363,1,0
1259,903,39096,154363,0,0
1259,903,39096,154363,0,7
1259,903,39096,154363,0,42
1259,903,39096,154363,0,4422
1259,903,39096,154363,0,6171
1259,903,39096,154363,0,0
1259,903,39096,154363,1,0
1259,903,39096,154363,0,0
1259,903,39096,154363,0,7
1259,903,39096,154363,0,1025
1259,903,39096,154363,0,1516
1259,903,39096,154363,0,18
1259,903,39096,154363,0,1003
1259,903,39096,154363,0,221
1259,903,39096,154363,0,301
1259,903,39096,154363,0,154
1259,903,39096,154363,0,152
141,588,10455,11469,0,0
141,588,10455,11469,0,0
141,588,10455,11469,0,6
141,588,10455,11469,0,0
141,588,10455,11469,0,0
141,588,10455,11469,0,0
141,588,10455,11469,0,0
141,588,10455,11469,4,0
141,588,10455,11469,0,0
141,588,10455,11469,0,0
141,588,10455,11469,0,0
141,588,10455,11469,0,0
141,588,10455,11469,0,0
141,588,10455,11469,0,0
141,588,10455,11469,0,0
141,588,10455,11469,0,0
141,588,10455,11469,0,0
141,588,10455,11469,0,367
141,588,10455,11469,1,0
141,588,10455,11469,0,0
4,12,46,148,0,0
4,12,46,148,1,0
4,12,46,148,2,0
4,12,46,148,0,0
4,12,46,148,2,0
4,12,46,148,0,0
4,12,46,148,2,0
4,12,46,148,0,0
4,12,46,148,0,0
4,12,46,148,0,0
4,12,46,148,3,0
4,12,46,148,0,0
4,12,46,148,1,0
4,12,46,148,0,0
4,12,46,148,2,0
4,12,46,148,0,0
4,12,46,148,0,0
4,12,46,148,0,0
4,12,46,148,0,0
4,12,46,148,1,0
40,46,2484,1148,2,0
40,46,2484,1148,0,8
40,46,2484,1148,0,2808
40,46,2484,1148,0,884
40,46,2484,1148,0,453
40,46,2484,1148,0,140
40,46,2484,1148,0,2426
40,46,2484,1148,0,687
40,46,2484,1148,0,897
40,46,2484,1148,0,3691
40,46,2484,1148,1,0
40,46,2484,1148,0,0
40,46,2484,1148,1,0
40,46,2484,1148,0,0
40,46,2484,1148,3,0
40,46,2484,1148,4,0
40,46,2484,1148,0,69
40,46,2484,1148,0,0
40,46,2484,1148,0,71
40,46,2484,1148,0,1330
836,1643,8361,17888,2,0
836,1643,8361,17888,3,0
836,1643,8361,17888,0,3
836,1643,8361,17888,0,0
836,1643,8361,17888,1,0
836,1643,8361,17888,0,2524
836,1643,8361,17888,0,3992
836,1643,8361,17888,1,0
836,1643,8361,17888,0,95
836,1643,8361,17888,0,752
836,1643,8361,17888,0,2172
836,1643,8361,17888,1,0
836,1643,8361,17888,1,0
836,1643,8361,17888,0,0
836,1643,8361,17888,1,0
836,1643,8361,17888,16,0
836,1643,8361,17888,18,3
836,1643,8361,17888,0,3110
836,1643,8361,17888,0,2071
836,1643,8361,17888,0,0
112,199,684,3065,1,0
112,199,684,3065,0,0
112,199,684,3065,4,0
112,199,684,3065,0,0
112,199,684,3065,5,0
112,199,684,3065,0,83
112,199,684,3065,0,0
112,199,684,3065,0,0
112,199,684,3065,0,0
112,199,684,3065,0,2
112,199,684,3065,0,1679
112,199,684,3065,0,3546
112,199,684,3065,0,0
112,199,684,3065,0,0
112,199,684,3065,1,0
112,199,684,3065,1,0
112,199,684,3065,0,0
112,199,684,3065,0,0
112,199,684,3065,0,26
112,199,684,3065,0,3
132,729,7400,2804,0,119
132,729,7400,2804,0,52
132,729,7400,2804,1,0
132,729,7400,2804,0,0
132,729,7400,2804,0,0
132,729,7400,2804,25,5
132,729,7400,2804,0,158
132,729,7400,2804,0,0
132,729,7400,2804,3,0
132,729,7400,2804,0,0
132,729,7400,2804,0,367
132,729,7400,2804,0,1952
132,729,7400,2804,0,2575
132,729,7400,2804,0,261
132,729,7400,2804,0,0
132,729,7400,2804,2,2
132,729,7400,2804,0,1
132,729,7400,2804,0,15
132,729,7400,2804,0,22
132,729,7400,2804,0,103
1518,518,2541,51456,3,1
1518,518,2541,51456,0,0
1518,518,2541,51456,1,0
1518,518,2541,51456,0,0
1518,518,2541,51456,0,0
1518,518,2541,51456,5,0
1518,518,2541,51456,6,0
1518,518,2541,51456,6,1
1518,518,2541,51456,1,1
1518,518,2541,51456,0,0
1518,518,2541,51456,3,0
1518,518,2541,51456,9,1
1518,518,2541,51456,0,0
1518,518,2541,51456,0,0
1518,518,2541,51456,0,0
1518,518,2541,51456,0,0
1518,518,2541,51456,2,1
1518,518,2541,51456,3,0
1518,518,2541,51456,0,1
1518,518,2541,51456,0,1
4339,4999,39187,26540,0,0
4339,4999,39187,26540,5,1
4339,4999,39187,26540,0,0
4339,4999,39187,26540,3,1
4339,4999,39187,26540,0,0
4339,4999,39187,26540,3,0
4339,4999,39187,26540,0,0
4339,4999,39187,26540,0,0
4339,4999,39187,26540,0,0
4339,4999,39187,26540,2,0
4339,4999,39187,26540,1,1
4339,4999,39187,26540,6,1
4339,4999,39187,26540,0,0
4339,4999,39187,26540,0,0
4339,4999,39187,26540,6,0
4339,4999,39187,26540,0,509
4339,4999,39187,26540,0,0
4339,4999,39187,26540,0,0
4339,4999,39187,26540,0,681
4339,4999,39187,26540,0,7649
173,236,1450,1309,0,3
173,236,1450,1309,5,0
173,236,1450,1309,1,0
173,236,1450,1309,0,0
173,236,1450,1309,0,8
173,236,1450,1309,0,35
173,236,1450,1309,11,6
173,236,1450,1309,0,3
173,236,1450,1309,0,16
173,236,1450,1309,0,37
173,236,1450,1309,0,6
173,236,1450,1309,3,2
173,236,1450,1309,0,295
173,236,1450,1309,1,0
173,236,1450,1309,0,36
173,236,1450,1309,0,195
173,236,1450,1309,0,228
173,236,1450,1309,0,13
173,236,1450,1309,0,5
173,236,1450,1309,5,1
